# hula_top_00
v -0.0023242414463311434 0.0016115122707560658 0.019925136119127274
v -0.002188559155911207 0.0013881769264116883 0.018917545676231384
v -0.00265937065705657 0.0013752488885074854 0.019025521352887154
v -0.0019760869909077883 0.001913843909278512 0.019965725019574165
v -0.001948971301317215 0.002351254690438509 0.020691432058811188
v -0.0024636564776301384 0.004821944050490856 0.01410892978310585
v -0.002244852250441909 0.0041731554083526134 0.01366920955479145
v -0.002836299827322364 0.0018770423484966159 0.019875377416610718
v 0.0010475683957338333 0.007902801968157291 0.025859389454126358
v 0.0014261651085689664 0.007579370401799679 0.026272477582097054
v -0.0017245387425646186 0.002535054227337241 0.021231556311249733
v -0.0013784852344542742 0.001941518159583211 0.022850612178444862
v -0.001384063740260899 0.002922272076830268 0.02199285849928856
v -0.0022220280952751637 0.0022476757876574993 0.021860774606466293
v -0.0022456448059529066 0.0025124915409833193 0.02126842923462391
v -0.002586439484730363 0.005837701261043549 0.02037961408495903
v -0.003323218785226345 0.003994973376393318 0.020552849397063255
v -0.003468618728220463 0.004896437283605337 0.01977289654314518
v -0.003560402663424611 0.0042116520926356316 0.01935485377907753
v -0.0036634360440075397 0.003495174925774336 0.019909672439098358
v -0.0032289072405546904 0.004262231290340424 0.014786886982619762
v -0.0034469410311430693 0.004324123729020357 0.015814069658517838
v -0.0036815525963902473 0.005249218083918095 0.01657409593462944
v -0.001012206426821649 0.003973245155066252 0.012629866600036621
v -0.0012280496302992105 0.005038540344685316 0.01293635368347168
v -0.002409345703199506 0.005714395549148321 0.014914278872311115
v -0.0008244607597589493 0.006003949325531721 0.013691243715584278
v 0.0009076024289242923 0.004785596858710051 0.012244605459272861
v -0.0019346476765349507 0.0058838906697928905 0.01535076554864645
v -0.0032163849100470543 0.005393079482018948 0.01741033047437668
v -0.0003729197196662426 0.0063730631954967976 0.01445701066404581
v 0.0007246377062983811 0.005419591907411814 0.012467803433537483
v 0.0010266888421028852 0.006203473079949617 0.013144945725798607
v 0.001265537808649242 0.006670283619314432 0.014293331652879715
v -0.002610320458188653 0.00488601578399539 0.021303027868270874
v -0.0018202090868726373 0.006683116313070059 0.021431198343634605
v -0.0013950022403150797 0.007054734043776989 0.023390034213662148
v -0.0018891694489866495 0.006184667814522982 0.02351522445678711
v -0.0012907255440950394 0.007188744377344847 0.021207360550761223
v -0.0009479706059210002 0.00752416905015707 0.023359473794698715
v -0.002481394447386265 0.004446550738066435 0.02351081371307373
v -0.0025933715514838696 0.00411072326824069 0.022300148382782936
v -0.002134319394826889 0.0032742146868258715 0.025349602103233337
v -0.0015587221132591367 0.0031264114659279585 0.026645822450518608
v -0.0023343523498624563 0.004524033982306719 0.025057004764676094
v -0.0018415589584037662 0.004331727512180805 0.02609134651720524
v 0.0016329584177583456 0.005490253213793039 0.027678092941641808
v 0.0009644647943787277 0.005704869981855154 0.027704786509275436
v 0.0015070753870531917 0.006813067011535168 0.02701285295188427
v 0.0010047631803900003 0.006729234475642443 0.026981916278600693
v 0.001678968663327396 0.003822894999757409 0.028014663606882095
v 0.0010200368706136942 0.004077764693647623 0.028102125972509384
v 0.0017290546093136072 0.0024410528130829334 0.02808220311999321
v -0.0004336440179031342 0.004654489923268557 0.027751902118325233
v 0.0001760596496751532 0.004265588708221912 0.02800820767879486
v -0.0009393938235007226 0.004893335048109293 0.02737458236515522
v -0.001354521606117487 0.003993848338723183 0.027111705392599106
v -0.000683163816574961 0.0037048240192234516 0.027538660913705826
v 0.0011112070642411709 0.0006453263340517879 0.02716594561934471
v 0.0017572022043168545 4.2689174733823165e-05 0.02652084268629551
v -0.0007438018219545484 0.0015779611421748996 0.025487631559371948
v -0.0015688820276409388 0.001657801796682179 0.023750152438879013
v 5.2195046009728685e-05 0.0008255986613221467 0.02589508891105652
v -0.0002504849690012634 0.002527601085603237 0.027603458613157272
v 4.992029062123038e-06 0.0033325653057545424 0.027898306027054787
v 0.0012128823436796665 0.002696774434298277 0.02813362143933773
v 0.0011640392476692796 0.0018539950251579285 0.027940839529037476
v -0.002447175094857812 0.003138722386211157 0.024210887029767036
v -0.00213810452260077 0.0023132998030632734 0.024606026709079742
v -0.0017629038775339723 0.0018592898268252611 0.023965176194906235
v -0.0012272411258891225 0.001283097779378295 0.02553500048816204
v -0.00013721933646593243 0.00029898708453401923 0.026110533624887466
v -0.0018386865267530084 0.0018441934371367097 0.023279666900634766
v 0.0009646908147260547 0.0006190537824295461 0.025926226750016212
v 0.0016085755778476596 0.0007106861448846757 0.02601449005305767
v 0.0010782309109345078 -3.063748408749234e-06 0.026447152718901634
v 0.0017941927071660757 0.001658285385929048 0.027835140004754066
v -0.00024289992870762944 0.0008855587220750749 0.02712921053171158
v -0.0019573369063436985 0.0019953204318881035 0.02247639186680317
v -0.0033557910937815905 0.002341906540095806 0.019922589883208275
v -0.0029162673745304346 0.0030656615272164345 0.021114373579621315
v -0.0026943867560476065 0.002355048665776849 0.020763782784342766
v -0.003372743260115385 0.0021771492902189493 0.019006332382559776
v -0.002954101422801614 0.0016937465406954288 0.018980011343955994
v -0.0023181303404271603 0.002111672656610608 0.0207222793251276
v -0.00271683675237 0.0037206949200481176 0.021783174946904182
v -0.003847904969006777 0.003334235865622759 0.01861397735774517
v -0.004136462230235338 0.0037244295235723257 0.017797179520130157
v -0.004117343109101057 0.00395742803812027 0.01677205041050911
v -0.0037688708398491144 0.004770705476403236 0.017842121422290802
v -0.0020235185511410236 0.006355780642479658 0.01940123923122883
v -0.0012269096914678812 0.006747848819941282 0.01866079680621624
v -0.00021160233882255852 0.007004650309681892 0.017894983291625977
v 0.0010951560689136386 0.007093905471265316 0.01696065440773964
v -0.0005861636600457132 0.007536864839494228 0.02143428847193718
v 0.00034212536411359906 0.007360799238085747 0.020844120532274246
v -0.002217118628323078 0.005765071604400873 0.022031592205166817
v -0.0018501213053241372 0.006134828086942434 0.024747885763645172
v -0.0013636680087074637 0.006865897681564093 0.025001516565680504
v -0.00034914645948447287 0.007933447137475014 0.023526225239038467
v 0.000883168017026037 0.008297245018184185 0.024885205551981926
v 0.0001557226642034948 0.00766217103227973 0.02590133622288704
v -0.0002034119825111702 0.007818413898348808 0.025058679282665253
v -0.0006481094751507044 0.007115596439689398 0.025989331305027008
v -0.0009106076322495937 0.00737470667809248 0.02511855959892273
v 0.0009162030764855444 0.00815760251134634 0.02338354103267193
v -0.001070935744792223 0.006697885692119598 0.025947384536266327
v -0.0016782555030658841 0.005806457716971636 0.025742730125784874
v 0.0011081461561843753 0.0074533638544380665 0.026430686935782433
v 0.00044593799975700676 0.007420394103974104 0.026518506929278374
v -0.0003018814022652805 0.00673295184969902 0.026727624237537384
v -0.0008869728771969676 0.006323869805783033 0.026676753535866737
v -0.0015483122551813722 0.005452422425150871 0.026535095646977425
v -0.0007916863542050123 0.002792184241116047 0.02728165127336979
v 0.0002459034149069339 0.005539420526474714 0.027773912996053696
v 0.00035353656858205795 0.006785635370761156 0.027041224762797356
v -0.0001948115968843922 0.005735297221690416 0.02741590514779091
v -0.0006449571810662746 0.005967835430055857 0.0271537434309721
v -0.0026043285615742207 0.0030105647165328264 0.022493066266179085
v -0.002480222610756755 0.0029974891804158688 0.023373017087578773
v -0.00275554321706295 0.002654881915077567 0.02130485512316227
v -0.0027731352020055056 0.0030232116114348173 0.02189253829419613
v -0.0007094643660821021 0.0011875596828758717 0.026803364977240562
v -0.0013218774693086743 0.0018929388606920838 0.02594597265124321
v -0.0022532602306455374 0.002194484695792198 0.023643918335437775
v -0.0023458015639334917 0.0023202071897685528 0.022913698107004166
v -0.0025445958599448204 0.002582734217867255 0.022227205336093903
v 0.0016416042344644666 8.859187801135704e-05 0.01593436673283577
v 0.0008540668059140444 -0.0001430352422175929 0.016250047832727432
v 0.0005314471200108528 0.00046620453940704465 0.016619443893432617
v 0.001155358855612576 -5.528010660782456e-06 0.016781819984316826
v 0.0008910423493944108 0.0003324596618767828 0.0177047960460186
v 0.00039413533522747457 0.0008099977276287973 0.01804748922586441
v 0.000880767242051661 0.0020865686237812042 0.01982092298567295
v 0.0016179843805730343 0.0008194471593014896 0.01873728632926941
v 0.001650468329899013 -0.00022843496117275208 0.01711220294237137
v 0.0024649968836456537 0.004901624284684658 0.012686815112829208
v 0.0030180795583873987 0.005427259486168623 0.013134106993675232
v 0.0025722384452819824 0.00557062029838562 0.012868337333202362
v 0.0006918043945915997 0.0019274200312793255 0.019342083483934402
v 0.0022808252833783627 0.0017043378902599216 0.01939346268773079
v 0.00177109579090029 0.007913324050605297 0.025561871007084846
v 0.002135561080649495 0.002329594921320677 0.02164969965815544
v 0.001468274975195527 0.0021748400758951902 0.02091274783015251
v 0.0038135317154228687 0.00581166660413146 0.01747482270002365
v 0.003921864088624716 0.0048911115154623985 0.018062995746731758
v 0.003420829074457288 0.005176985636353493 0.01395163033157587
v 0.003494785400107503 0.005609783809632063 0.014729947783052921
v 0.0031150614377111197 0.004772883374243975 0.012914266437292099
v 0.0033702256623655558 0.005226661451160908 0.013009872287511826
v 0.003335739253088832 0.005377282854169607 0.01330263540148735
v 0.0026411672588437796 0.006033769343048334 0.013488645665347576
v 0.003094564890488982 0.005791048053652048 0.01379189919680357
v 0.0026043797843158245 0.006625305395573378 0.014824094250798225
v 0.003543268656358123 0.005912240594625473 0.015355000272393227
v 0.0034042017068713903 0.005403123330324888 0.02011532336473465
v 0.0031619551591575146 0.005532362498342991 0.01900443434715271
v 0.0031760530546307564 0.006888615433126688 0.02265133336186409
v 0.002517037559300661 0.007105744443833828 0.021505022421479225
v 0.002005450427532196 0.006932687480002642 0.01918221451342106
v 0.0028509695548564196 0.006407455075532198 0.018606700003147125
v 0.0029010027647018433 0.006418507546186447 0.015742359682917595
v 0.001904082135297358 0.007905254140496254 0.022523479536175728
v 0.0029902758542448282 0.007531766314059496 0.02369246818125248
v 0.001154793193563819 0.007247686851769686 0.020250387489795685
v 0.0036178152076900005 0.005330026149749756 0.021981973201036453
v 0.0036188007798045874 0.004888391587883234 0.021131258457899094
v 0.004362305626273155 0.004207498859614134 0.02485622838139534
v 0.004408007021993399 0.0029970412142574787 0.024006685242056847
v 0.0043567162938416 0.003077021799981594 0.025342950597405434
v 0.003936818800866604 0.004413095768541098 0.026153158396482468
v 0.004386809188872576 0.00333208404481411 0.023034028708934784
v 0.004272062797099352 0.00494388397783041 0.02376806177198887
v 0.0041547538712620735 0.004383474122732878 0.02263648435473442
v 0.004348228685557842 0.003984029870480299 0.024002231657505035
v 0.0024131685495376587 0.005609844345599413 0.02725258842110634
v 0.002272010315209627 0.006725927349179983 0.026696152985095978
v 0.002580029424279928 0.004011434968560934 0.027624359354376793
v 0.0034404764883220196 0.0043121459893882275 0.02665967494249344
v 0.0032597973477095366 0.0041858903132379055 0.027274560183286667
v 0.0025199824012815952 0.0008557474357075989 0.02717910148203373
v 0.003185708774253726 0.0019595155026763678 0.024658674374222755
v 0.0024300883524119854 0.0023188956547528505 0.02281441166996956
v 0.002841952024027705 0.0012491282541304827 0.02576289139688015
v 0.0025208762381225824 0.0017539866967126727 0.027621401473879814
v 0.003210010938346386 0.0020019724033772945 0.02726428024470806
v 0.0035679589491337538 0.002008965238928795 0.02310592122375965
v 0.003130936762318015 0.0017179849091917276 0.022589143365621567
v 0.003027689876034856 0.0009349093888886273 0.024684499949216843
v 0.0031690250616520643 0.0006898678839206696 0.0258870217949152
v 0.0025448407977819443 0.0014193777460604906 0.026001114398241043
v 0.0024554277770221233 0.0005398258217610419 0.026853421702980995
v 0.0021224552765488625 0.0010151735041290522 0.026324929669499397
v 0.002913595410063863 0.0006982919294387102 0.026388486847281456
v 0.0032093736808747053 0.003187483176589012 0.018728528171777725
v 0.0029608907643705606 0.0024610869586467743 0.01815890707075596
v 0.002477111527696252 0.003090436104685068 0.019004305824637413
v 0.002821332076564431 0.0015909821959212422 0.01638196036219597
v 0.003477939637377858 0.003877372248098254 0.01953861117362976
v 0.0036026188172399998 0.0042771282605826855 0.020059475675225258
v 0.003478695871308446 0.0046991584822535515 0.01946542225778103
v 0.0034181138034909964 0.004769058898091316 0.013258442282676697
v 0.0034849275834858418 0.004921754356473684 0.013493533246219158
v 0.0023668098729103804 0.006985445041209459 0.01632779650390148
v 0.0030011855997145176 0.006106387358158827 0.014948844909667969
v 0.002827538875862956 0.0062360563315451145 0.019913386553525925
v 0.003188057104125619 0.005959169939160347 0.021157439798116684
v 0.0014684456400573254 0.008294511586427689 0.02468917705118656
v 0.0024050467181950808 0.008071613498032093 0.02437884733080864
v 0.002455582143738866 0.007750107441097498 0.025301508605480194
v 0.003268270520493388 0.007211174815893173 0.025416288524866104
v 0.0035069980658590794 0.006786299403756857 0.02439033053815365
v 0.0036347811110317707 0.0063723307102918625 0.023959258571267128
v 0.004093445371836424 0.005338979419320822 0.024275993928313255
v 0.003924455959349871 0.0059556495398283005 0.023338932543992996
v 0.0019291522912681103 0.007499136030673981 0.026221342384815216
v 0.0024971445091068745 0.0074560078792274 0.025955460965633392
v 0.0034857969731092453 0.006260334048420191 0.025854062288999557
v 0.0039000038523226976 0.005822382867336273 0.0251589585095644
v 0.004172185435891151 0.004933829419314861 0.024479985237121582
v 0.004017943050712347 0.0029859524220228195 0.026531925424933434
v 0.0035486703272908926 0.0028552254661917686 0.026849832385778427
v 0.004012045916169882 0.002522095339372754 0.02357223443686962
v 0.004001135006546974 0.00293349358253181 0.02241450734436512
v 0.00410044938325882 0.0038799243047833443 0.021818188950419426
v 0.003244230058044195 0.0027552912943065166 0.02756468765437603
v 0.0025490643456578255 0.0025559961795806885 0.027841700240969658
v 0.003077279543504119 0.005588859785348177 0.026950392872095108
v 0.0029591007623821497 0.006425076629966497 0.02643170766532421
v 0.0034894265700131655 0.005477236583828926 0.026441330090165138
v 0.003988240379840136 0.005217472091317177 0.02564106322824955
v 0.0036595193669199944 0.003419324057176709 0.02105851098895073
v 0.003490827511996031 0.002602072199806571 0.021793827414512634
v 0.004191036801785231 0.002548155141994357 0.025296777486801147
v 0.003941511269658804 0.002419771859422326 0.026370204985141754
v 0.003497491590678692 0.0022305056918412447 0.02662055939435959
v 0.002993849338963628 0.0022980307694524527 0.020120620727539062
v 0.0036831789184361696 0.001568501815199852 0.02614474669098854
v 0.0033740056678652763 0.0014526002341881394 0.026503615081310272
v 0.0037734457291662693 0.001644072588533163 0.02487880177795887
v 0.0034475091379135847 0.0012935787672176957 0.02479783445596695
v 0.0029659238643944263 0.0021411289926618338 0.02117374911904335
v 0.003196093952283263 0.0011167527409270406 0.026844266802072525
v 0.0017201616428792477 0.0019524797098711133 0.0273146852850914
v -0.0001124101472669281 0.000995139591395855 0.019869813695549965
v 0.0014790764544159174 0.0011739120818674564 0.026868095621466637
v 0.0009502495522610843 0.0003044281038455665 0.02546977996826172
v 0.0008026888826861978 0.000285788148175925 0.024967731907963753
v 0.0007275923853740096 0.00022510281996801496 0.024737805128097534
v 0.00042352452874183655 -0.0004783048352692276 0.024035414680838585
v 0.00026714077102951705 -0.0008173002279363573 0.023662805557250977
v 0.00020310303079895675 -0.00030125072225928307 0.02318313531577587
v 5.487495582201518e-05 -0.0005253652925603092 0.022781405597925186
v -9.420660353498533e-05 -0.0005010091117583215 0.022252606227993965
v -0.00014586036559194326 -0.0003969065146520734 0.022021612152457237
v -0.00032673391979187727 -0.0005380074144341052 0.02146528661251068
v -0.0003221911028958857 7.821357576176524e-05 0.02117324247956276
v -0.0002138510171789676 0.0011787419207394123 0.02099900133907795
v 0.00023665181652177125 -0.0007323385798372328 0.023514708504080772
v 0.0012568295933306217 0.0007251079077832401 0.02632208727300167
v 0.0008565143216401339 0.0002983751182910055 0.025147970765829086
v 0.0005306113162077963 -0.00018514499242883176 0.02426009066402912
v 0.0003121804038528353 -0.0007888051914051175 0.02380465529859066
v 0.00012163210340077057 -0.00039947155164554715 0.022949861362576485
v -5.604319449048489e-05 -0.0005849708686582744 0.022426795214414597
v -0.00010994976764777675 -0.0003853933303616941 0.02214030735194683
v -0.00021417392417788506 -0.0004935225588269532 0.021833129227161407
v 0.002946473890915513 0.0014503805432468653 0.02604476362466812
v 0.002594591351225972 0.0007353865657933056 0.025084666907787323
v 0.0019477545283734798 0.0007026310195215046 0.02459700033068657
v 0.001542249578051269 0.00033831651671789587 0.025395231321454048
v 0.002522821072489023 0.0019542514346539974 0.026950258761644363
v 0.0020725689828395844 0.0011648691724985838 0.026634739711880684
v 0.0011129314079880714 0.0003093385021202266 0.02503851428627968
v 0.000967584433965385 0.00030121541931293905 0.02488703280687332
v 0.0008598504937253892 0.00023186858743429184 0.024682069197297096
v 0.0007491774740628898 -0.000313949043629691 0.02381889708340168
v 0.0007136475760489702 -0.0005093780346214771 0.023486528545618057
v 0.0002023079723585397 -0.0005800984217785299 0.022786645218729973
v 0.0005234260461293161 -0.0003988059761468321 0.022443560883402824
v 0.0005193616962060332 -0.00040717158117331564 0.02214757353067398
v 0.0003073584521189332 -0.00034546272945590317 0.021865829825401306
v 0.00016129849245771766 -0.0004865768423769623 0.021360201761126518
v 0.0005929595790803432 0.0002945813175756484 0.021031131967902184
v 0.0006843745359219611 0.001412582816556096 0.020920133218169212
v 0.0012282938696444035 0.0017737405141815543 0.020932745188474655
v 0.002186656231060624 0.0011574184754863381 0.022098474204540253
v 0.001338159549050033 -1.6051646980486112e-06 0.022838052362203598
v 0.0008971146307885647 0.00199527177028358 0.019782237708568573
v 0.0028199243824929 0.001149312942288816 0.0232571791857481
v 0.0025203402619808912 0.0009734782506711781 0.024002403020858765
v 0.003048931248486042 0.0015563834458589554 0.02381810173392296
v 0.0006500554736703634 -7.201879634521902e-05 0.021311230957508087
v 0.001841809251345694 0.0014270705869421363 0.021331610158085823
v 0.0014924512943252921 0.000767718069255352 0.024464378133416176
v 0.0008663038606755435 -9.207643597619608e-05 0.021679826080799103
v 0.0009531168616376817 0.00028473217389546335 0.024058470502495766
v 0.0016594479093328118 0.00023702420003246516 0.023743990808725357
v 0.0009588722023181617 6.940663297427818e-05 0.023524383082985878
v 0.000573528406675905 -0.00045663747005164623 0.022544363513588905
v 0.001349440193735063 0.0007415300351567566 0.024356750771403313
v 0.001681097550317645 0.000627284636721015 0.024214424192905426
v 0.0008254483691416681 -9.243203385267407e-05 0.02314040996134281
v 0.003030679654330015 0.001196875935420394 0.02471569925546646
v 0.0028359096031636 0.0011097810929641128 0.02541891112923622
v 0.0032479618676006794 0.0017705863574519753 0.024921230971813202
v 0.002103879814967513 0.0005865670391358435 0.024904783815145493
v 0.0015948560321703553 0.00040483876364305615 0.025014877319335938
v 0.001964358612895012 0.00045025168219581246 0.025334229692816734
v 0.0013244133442640305 0.0003515293064992875 0.02505967952311039
v 0.0011820511426776648 0.00029281977913342416 0.025420421734452248
v 0.0009139395551756024 -0.00017885009583551437 0.023343004286289215
v 0.0008661869796924293 -0.00010522038792259991 0.023678425699472427
v 0.0009578554308973253 -7.2597654252604116e-06 0.023283585906028748
v 0.000665542611386627 -0.0001983485126402229 0.023154549300670624
v 0.00038668260094709694 -0.0003101147885899991 0.0232029240578413
v 0.000436607253504917 -0.0007653897628188133 0.023537587374448776
v 0.0009937392314895988 -0.00014818379713688046 0.0221849475055933
v 0.0005277551244944334 -0.0004447872343007475 0.02228052169084549
v 0.0001619584218133241 2.674880306585692e-05 0.021073240786790848
v 0.00219629961065948 0.002220053691416979 0.02149687334895134
v 0.0017955185612663627 0.002410555724054575 0.021073002368211746
v 0.0017297728918492794 0.0015676353359594941 0.021134184673428535
v 0.001977141248062253 0.0012761956313624978 0.02163865976035595
v 0.0024197185412049294 0.0021877088584005833 0.021855192258954048
v 0.000680455646943301 -0.00034057607990689576 0.022731509059667587
v 0.0027565322816371918 0.001068342593498528 0.023805469274520874
v 0.002752825152128935 0.0010493536246940494 0.02403632551431656
v 0.0030073460657149553 0.001390094985254109 0.023446502164006233
v 0.001443697139620781 0.0006579410983249545 0.021371789276599884
v 0.0012980991741642356 0.0008144256426021457 0.021159958094358444
v 0.0016880154144018888 0.0007173102931119502 0.02615271508693695
v 0.0023057719226926565 0.0007945407996885478 0.024366207420825958
v 0.001453288714401424 0.0005442179390229285 0.024864520877599716
v 0.001738463994115591 0.0007263569277711213 0.0245906300842762
v 0.0011313650757074356 0.0005453130579553545 0.024633105844259262
v 0.0011302775237709284 0.0005404159892350435 0.02432204596698284
v 0.0009350767359137535 0.00033780894591473043 0.024426255375146866
v 0.0008878571097739041 0.00017239060252904892 0.02381020411849022
v 0.0006592210265807807 -0.0001517640776000917 0.024184416979551315
v 0.0005979186971671879 -0.00044206465827301145 0.023954566568136215
v 0.0004013971774838865 -0.0005675050197169185 0.022724075242877007
v 0.00031299368129111826 -0.00042130242218263447 0.02294551394879818
v 0.00029890317819081247 -0.0004602168337441981 0.022529996931552887
v 0.00018499167344998568 -0.00048072211211547256 0.02217823453247547
v 0.00028207103605382144 -0.00034336160751990974 0.022037940099835396
v 0.00027521656011231244 -0.000447205820819363 0.021666349843144417
v 0.0003252629248891026 0.0012640164932236075 0.020914683118462563
v 0.0004385506908874959 0.001394288963638246 0.019772857427597046
v 0.002520581241697073 0.0010923458030447364 0.02264992706477642
v 0.0027707633562386036 0.002255463507026434 0.022349080070853233
v 0.001912832958623767 0.00040255067870020866 0.022331709042191505
v 0.0016042351489886642 0.00011029288725694641 0.023342842236161232
v 0.0024652802385389805 0.0005249123787507415 0.02341698668897152
v 0.0016482362989336252 0.00047824642388150096 0.023996734991669655
v 0.0021470212377607822 0.0007133205072022974 0.0240107960999012
v 0.002343975007534027 0.0008952567004598677 0.025778403505682945
v 0.002580162836238742 0.0008279122412204742 0.024490857496857643
v 0.0012874593958258629 0.0005718941683880985 0.024741463363170624
v 0.0008001683745533228 -9.622122888686135e-06 0.023990368470549583
v 0.0005670276586897671 -0.0007544416002929211 0.023704733699560165
v 0.0005224147462286055 -0.00037229451118037105 0.022852228954434395
v 0.00022023745987098664 -0.0005706678493879735 0.022348541766405106
v 0.001181946019642055 0.0009644373785704374 0.020979056134819984
v 0.0022700070403516293 0.0004145558923482895 0.02287767268717289
v 0.0016879948088899255 0.00046058770385570824 0.02184235490858555
v 0.0030960440635681152 0.0023613895755261183 0.022911671549081802
v 0.0024208719842135906 0.000682503858115524 0.023720506578683853
v 0.0016491366550326347 0.0005839451914653182 0.02412666752934456
v 0.002229024190455675 0.000721263000741601 0.023912925273180008
v 0.002801387570798397 0.0010142490500584245 0.023561839014291763
v -6.995520379859954e-05 0.0018851419445127249 0.026915205642580986
v -0.0004729630600195378 0.0011775154853239655 0.0259698573499918
v -0.00021589192328974605 0.0010273718507960439 0.025198182091116905
v 0.00043970614206045866 0.0004972270107828081 0.02571338601410389
v 0.0008787470869719982 0.0021912138909101486 0.027424683794379234
v 0.0008730979170650244 0.001337750698439777 0.026980867609381676
v 0.0005940703558735549 0.00038412268622778356 0.02518824115395546
v 0.0006307151634246111 0.0003497688448987901 0.024984244257211685
v 0.0005928940372541547 0.0002703452482819557 0.02475910075008869
v 8.897874067770317e-05 -0.0002187940845033154 0.024009408429265022
v -0.0001069595236913301 -0.00039110309444367886 0.02372332476079464
v -7.631802873220295e-05 -0.0005399396759457886 0.022867050021886826
v 1.79644011950586e-05 -0.0004656519740819931 0.022623667493462563
v -0.0005066216108389199 -0.0002503443683963269 0.0227408017963171
v -0.000660349614918232 -0.00023713827249594033 0.022487998008728027
v -0.000581660307943821 -0.0002173275570385158 0.022122368216514587
v -0.0007642872515134513 -0.0003531715483404696 0.02162729762494564
v -0.0011009792797267437 0.0005387297715060413 0.021519945934414864
v -0.000922952953260392 0.0016442480264231563 0.02138395793735981
v -0.001263465266674757 0.002132879802957177 0.02165178768336773
v -0.0015927396016195416 0.0017021455569192767 0.023189080879092216
v -0.0008201717282645404 0.0003094773564953357 0.0234608743339777
v -0.0013478687033057213 0.0014633716782554984 0.020400356501340866
v -0.002084427047520876 0.002370063681155443 0.02064182236790657
v -0.001509563415311277 0.001773326308466494 0.024506526067852974
v -0.0009162882342934608 0.0014688028022646904 0.024994101375341415
v -0.0013040649937465787 0.0021837851963937283 0.02507423423230648
v -0.001077092718333006 0.00017794455925468355 0.02181321009993553
v -0.0016433564014732838 0.0019293908262625337 0.022337311878800392
v -0.0010663296561688185 0.00018647534307092428 0.022237518802285194
v 0.0002050277398666367 0.0003925546770915389 0.024274343624711037
v -0.0005450260359793901 0.0005547573673538864 0.024380125105381012
v -0.00013505647075362504 0.0002270757977385074 0.023840054869651794
v -0.00048771107685752213 -0.00030367987346835434 0.022850599139928818
v 0.0001585947466082871 0.0009131675469689071 0.024700388312339783
v -0.00021478175767697394 0.0009005395695567131 0.024761514738202095
v -0.0002697540039662272 6.542084884131327e-05 0.023456454277038574
v -0.000899241422303021 0.0017632993403822184 0.02584974654018879
v -0.0003963214112445712 0.00157564552500844 0.026351623237133026
v -0.00020652437524404377 0.0009377175592817366 0.02556665427982807
v 0.0002155575784854591 0.0006036387057974935 0.025412896648049355
v 9.44954517763108e-05 0.0007197570521384478 0.025873813778162003
v 0.0004445284139364958 0.00047834779252298176 0.025313585996627808
v 0.0007333042449317873 0.000357498531229794 0.025549910962581635
v -0.00025822457973845303 -9.905265869747382e-06 0.02368125319480896
v -2.490781480446458e-05 2.3214033717522398e-05 0.02393556945025921
v -0.0002801251830533147 0.00017117227253038436 0.023640822619199753
v -0.0001602510892553255 -7.932573498692364e-05 0.023392848670482635
v 6.215420580701903e-05 -0.00026333951973356307 0.023296570405364037
v 7.771395758027211e-05 -0.0007136617205105722 0.023641156032681465
v -0.000955464318394661 0.00013516559556592256 0.022755827754735947
v -0.0006074174307286739 -0.0002811728627420962 0.022608093917369843
v -0.0007808023365214467 0.0001626297744223848 0.021345285698771477
v -0.00163759954739362 0.00277263717725873 0.02260320633649826
v -0.001484193024225533 0.0028832643292844296 0.022019419819116592
v -0.001618940383195877 0.0020502889528870583 0.022100510075688362
v -0.0016320683062076569 0.0017963942373171449 0.02268015407025814
v -0.0016400428721681237 0.002772846259176731 0.023026704788208008
v -0.00043735545477829874 -0.00017946536536328495 0.02305407077074051
v -0.0011861405801028013 0.0016366044292226434 0.024943193420767784
v -0.0010820770403370261 0.001602082047611475 0.02514295093715191
v -0.0014933220809325576 0.002038781065493822 0.024745244532823563
v -0.0015000925632193685 0.0010822321055456996 0.022221269086003304
v -0.0014518144307658076 0.0012107733637094498 0.021953491494059563
v 0.0008163402671925724 0.0008429461740888655 0.026404256001114845
v -0.0006007349584251642 0.001188766211271286 0.02520950324833393
v 0.0002882347907871008 0.0007121379603631794 0.02520071528851986
v -5.0762362661771476e-05 0.0009778375970199704 0.0250846054404974
v 0.00010563496471149847 0.000967601197771728 0.02486456371843815
v 0.00042879782267846167 0.0006465747719630599 0.024835843592882156
v 0.00026579725090414286 0.0006650148425251245 0.024571504443883896
v 0.00042578179272823036 0.00041121430695056915 0.024573219940066338
v 9.887519263429567e-05 0.00028610738809220493 0.024037880823016167
v 0.0003953991108573973 -0.00011373890447430313 0.024260548874735832
v 0.000249199743848294 -0.0003918024303857237 0.02405519410967827
v -0.00026730564422905445 -0.00047112416359595954 0.022917041555047035
v -4.1634866647655144e-05 -0.0003701897512655705 0.02304784767329693
v -0.00025756913237273693 -0.00038001235225237906 0.022690577432513237
v -0.00035436172038316727 -0.0004029847914353013 0.022333873435854912
v -0.0004706199106294662 -0.00023487569706048816 0.02225513942539692
v -0.0006864153547212481 -0.0003086049691773951 0.021943844854831696
v -0.0006731649627909064 0.0014079209649935365 0.021202797070145607
v -0.0007491864380426705 0.0011128798360005021 0.020099887624382973
v -0.001592447399161756 0.0016851606778800488 0.023836812004446983
v -0.001649056444875896 0.002892495598644018 0.023624490946531296
v -0.0014456964563578367 0.0008866183343343437 0.023300865665078163
v -0.0007430046098306775 0.000448602600954473 0.024020180106163025
v -0.00129474769346416 0.0010668487520888448 0.02450200542807579
v -0.00034082614001818 0.0007649321923963726 0.024570707231760025
v -0.000676870986353606 0.0011203312315046787 0.024825677275657654
v 0.0001348047808278352 0.0012136667501181364 0.02641589567065239
v -0.0007475086022168398 0.0013075321912765503 0.025451110675930977
v 0.00036570761585608125 0.0007047475664876401 0.025007452815771103
v 0.00021669361740350723 7.447547977790236e-05 0.024158740416169167
v 6.210866558831185e-05 -0.000681666424497962 0.023850440979003906
v -0.00024755235062912107 -0.00026131857885047793 0.02307441644370556
v -0.0003174241282977164 -0.0004931744188070297 0.022503690794110298
v -0.0014129509218037128 0.001338441506959498 0.021727856248617172
v -0.0014470168389379978 0.0009502936736680567 0.023950280621647835
v -0.0015038879355415702 0.0009206371032632887 0.02276342734694481
v -0.0010589006124064326 0.001184046734124422 0.024724654853343964
v -0.0002460356627125293 0.0008570985519327223 0.024673551321029663
v -0.000792506558354944 0.0011567595647647977 0.024784836918115616
v -0.0013301292201504111 0.0015570680843666196 0.024768099188804626
v -0.00027866914751939476 0.0005665483768098056 0.018338922411203384
v -0.0001345790078630671 5.21961810591165e-05 0.01750592142343521
v 0.0007512372685596347 0.0018652925500646234 0.01918836124241352
v 0.00022073423315305263 0.0012166203232482076 0.019048770889639854
v 0.001613966072909534 0.001543610473163426 0.018321169540286064
v 0.002491897204890847 0.004639805760234594 0.018508410081267357
v 0.00321784196421504 0.0030646976083517075 0.01776571199297905
v 0.00418600020930171 0.00459946459159255 0.013474597595632076
v 0.003695280523970723 0.003969409503042698 0.012152928858995438
v 0.0028825204353779554 0.004504891578108072 0.012078285217285156
v 0.0016474156873300672 0.00495858583599329 0.012289281003177166
v 0.00011584956519072875 0.004630012903362513 0.012190904468297958
v 0.0012119997991248965 0.005496334750205278 0.013508043251931667
v 0.002101089106872678 0.005463194102048874 0.013382811099290848
v 0.0026630060747265816 0.006324577145278454 0.01579463854432106
v 0.0029125865548849106 0.005111744161695242 0.013344597071409225
v 0.0010627665324136615 -0.00031401673913933337 0.015778793022036552
v 8.216816786443815e-05 -0.0007255695527419448 0.016011400148272514
v 0.0018473631935194135 0.001182106090709567 0.017716020345687866
v 0.002386157400906086 0.000531662255525589 0.016198433935642242
v 0.003097000764682889 0.001914797816425562 0.01648617722094059
v -0.00018816633382812142 0.005047391634434462 0.013425420969724655
v -0.0003216300392523408 0.0008162715821526945 0.019030999392271042
v 0.0034646885469555855 0.0028055813163518906 0.016004880890250206
v 0.00400638347491622 0.00575855141505599 0.014949101954698563
v 0.003714031772688031 0.005015908274799585 0.018177852034568787
v 0.004048019647598267 0.0038466346450150013 0.017858266830444336
v 0.0033827987499535084 0.00602174224331975 0.01765429973602295
v 0.004768699407577515 0.004560241475701332 0.01779806613922119
v 0.004897844512015581 0.005584189668297768 0.017318395897746086
v 0.0045686159282922745 0.005935217719525099 0.015864195302128792
v 0.0004037852049805224 -0.0033311389852315187 0.004662213381379843
v 0.00028640590608119965 -0.0029093618504703045 0.006269791163504124
v 0.002126171486452222 -0.0026611017528921366 0.004789297468960285
v 0.001964644528925419 -0.002376259071752429 0.006374532822519541
v 0.003478440223261714 -0.001652488368563354 0.00467884074896574
v 0.003444154979661107 -0.0008532537613064051 0.006420698016881943
v 0.004343078006058931 -0.001250740373507142 0.00489665474742651
v 0.004510647617280483 0.0005254426505416632 0.005166597198694944
v 0.0038064911495894194 0.0007221103878691792 0.006367089692503214
v 0.00021055917022749782 -0.0026637143455445766 0.008182544261217117
v 0.0016629131278023124 -0.002115112729370594 0.008299307897686958
v 0.002812539227306843 -0.0010003806091845036 0.008453707210719585
v 0.003595598042011261 0.00015110230015125126 0.008785390295088291
v 0.00342355202883482 0.0011172658996656537 0.008531332015991211
v 0.00304312608204782 0.0022762464359402657 0.008770093321800232
v 0.0032683040481060743 0.0019901259802281857 0.006379301194101572
v 0.0017970545450225472 0.003175887279212475 0.008787497878074646
v 0.002265176037326455 0.002786156488582492 0.0062691569328308105
v 9.851926733972505e-05 0.0032260874286293983 0.008695325814187527
v 0.0004730879736598581 0.0028029675595462322 0.00608341908082366
v -0.0007798837032169104 0.0030570353846997023 0.008874773979187012
v -0.00041463159141130745 0.0025697338860481977 0.005960647948086262
v 0.00031186765409074724 -0.0023358664475381374 0.010917472653090954
v 0.001953081344254315 -0.001975189195945859 0.010003047063946724
v 0.0030587210785597563 -0.0009619687334634364 0.009438657201826572
v 0.00048614179831929505 -0.0021887102629989386 0.01263829693198204
v 0.000785946671385318 -0.0014739447506144643 0.012439264915883541
v 0.001344566117040813 -0.0013962265802547336 0.01192648895084858
v 0.002044874243438244 -0.0011681225150823593 0.011492486111819744
v 0.0030356154311448336 -0.00037475768476724625 0.011333508417010307
v 0.0038254261016845703 0.0008687260560691357 0.011807155795395374
v 0.0039433678612113 0.0019058106699958444 0.010748381726443768
v 0.0033836141228675842 0.0026214539539068937 0.010331491939723492
v 0.0027213385328650475 0.0035716299898922443 0.01025746762752533
v 0.001613756874576211 0.003981392830610275 0.010356936603784561
v -6.470950756920502e-05 0.0038904743269085884 0.010447144508361816
v 0.0013110991567373276 -0.0019915029406547546 0.012721161358058453
v 0.0023907034192234278 -0.002073579467833042 0.011900329031050205
v 0.0033553068060427904 -0.0017274264246225357 0.011625618673861027
v 0.004233766812831163 -0.0006915746489539742 0.011783075518906116
v 0.0038033053278923035 0.0018831818597391248 0.012907442636787891
v 0.0003410453209653497 -0.0016430903924629092 0.013583492487668991
v 0.0009821964194998145 -0.0017981543205678463 0.013645644299685955
v 0.0024912720546126366 -0.002065543085336685 0.013364972546696663
v 0.003439120016992092 -0.0020005328115075827 0.0132374232634902
v 0.00434891926124692 -0.0008455856004729867 0.013026728294789791
v 0.004410947673022747 0.0007962496601976454 0.012854766100645065
v 0.004027802962809801 0.0032057680655270815 0.012284431606531143
v -0.0012300240341573954 0.0038226440083235502 0.012042608112096786
v 0.00022946301032789052 -0.001229716814123094 0.015012850053608418
v 0.0008517744136042893 -0.0013980031944811344 0.014666438102722168
v 0.0023277425207197666 -0.0014058157103136182 0.014668903313577175
v 0.0032931889872998 -0.000980100710876286 0.014686321839690208
v 0.0039334832690656185 0.00035021855728700757 0.01436850056052208
v 0.004138196352869272 0.001302456366829574 0.014132299460470676
v 0.003889551153406501 0.002382714068517089 0.014358758926391602
v -0.0013604334089905024 0.004297535866498947 0.013439612463116646
v 0.003935417626053095 0.001989215612411499 0.004680628888309002
v 0.0028810580261051655 0.003099398920312524 0.004278089851140976
v 0.001307643367908895 0.003189738607034087 0.004073443356901407
v -6.0896298236912116e-05 0.0028647761791944504 0.003634026041254401
v -0.0022470750845968723 -0.001419059932231903 0.016278572380542755
v -0.0018073554383590817 0.00016024685464799404 0.018387379124760628
v -0.0019526035757735372 -0.0002911373449023813 0.017779573798179626
v -0.00454199081286788 0.0019376272102817893 0.018943961709737778
v -0.003116759005934 0.002450020518153906 0.019217366352677345
v -0.003838283009827137 0.0033420040272176266 0.018656667321920395
v -0.003178488928824663 0.001059899921528995 0.018650803714990616
v -0.0028391373343765736 0.004480006173253059 0.017588553950190544
v -0.0033233745489269495 4.186611477052793e-05 0.018325570970773697
v -0.005083891563117504 0.002238217508420348 0.012104453518986702
v -0.0054915230721235275 0.0013555071782320738 0.012183108367025852
v -0.005782581865787506 0.0016068039694800973 0.013595633208751678
v -0.00468237791210413 0.003615558845922351 0.017620854079723358
v -0.004272121470421553 0.0032742901239544153 0.012308726087212563
v -0.0028004306368529797 0.003808356821537018 0.012199663557112217
v -0.004176911432296038 0.003963015507906675 0.013525747694075108
v -0.004915954545140266 0.0034666310530155897 0.013405861333012581
v -0.004453274887055159 0.004080250393599272 0.015518569387495518
v -0.0054375240579247475 0.0034584535751491785 0.015445413067936897
v -0.005422201007604599 0.0027447391767054796 0.013371524401009083
v -0.0025973874144256115 0.004701982252299786 0.01553317066282034
v -0.0008280461770482361 -0.0013418049784377217 0.0158366858959198
v -0.0035299044102430344 -0.0007324626785703003 0.017175087705254555
v -0.002808711724355817 0.0042936536483466625 0.013434848748147488
v -0.0016861744225025177 0.0012479398865252733 0.019521621987223625
v -0.0009721504175104201 0.0009105564677156508 0.019212493672966957
v -0.0025479639880359173 0.002479082439094782 0.019849257543683052
v -0.004671226721256971 -0.0011188051430508494 0.016027560457587242
v -0.0053261867724359035 -0.00042864939314313233 0.017630042508244514
v -0.006386199034750462 0.0013697327813133597 0.015593594871461391
v -0.005796358454972506 0.000581134227104485 0.015543279238045216
v -0.0063826958648860455 0.0028036697767674923 0.016687802970409393
v -0.0051200902089476585 -0.00010224566358374432 0.015650849789381027
v -0.0014213089598342776 -0.0030227932147681713 0.00416826456785202
v -0.0029164582956582308 -0.0023750129621475935 0.003815674688667059
v -0.00387664046138525 -0.0021786773577332497 0.0038762425538152456
v -0.004467181861400604 -0.0004888481344096363 0.004080955870449543
v -0.001466304180212319 -0.002811400219798088 0.006001992151141167
v -0.0031175853218883276 -0.001856916700489819 0.00582306832075119
v -0.003906357102096081 -0.0004750942753162235 0.005627543665468693
v -0.003779993625357747 0.000886879104655236 0.005707483272999525
v -0.003059098729863763 0.0019491194980219007 0.005777344573289156
v -0.0013394940178841352 0.0025319557171314955 0.005881116259843111
v -0.0013448685640469193 -0.0025524937082082033 0.00804879143834114
v -0.0026361490599811077 -0.001977319363504648 0.008019449189305305
v -0.0039204442873597145 -0.0010243105934932828 0.008169574663043022
v -0.004012569319456816 -4.6684275730513036e-05 0.007922189310193062
v -0.004050973802804947 0.0011691180989146233 0.008188567124307156
v -0.0031952892895787954 0.002282447647303343 0.008389363065361977
v -0.0016264031874015927 0.0029173914808779955 0.008557767607271671
v -0.0013117572525516152 -0.0027404832653701305 0.009854364208877087
v -0.002763668540865183 -0.002253778977319598 0.009103169664740562
v -1.5436075045727193e-05 -0.0021055738907307386 0.01248257141560316
v -0.0005340122734196484 -0.0023342082276940346 0.01197334285825491
v -0.0012511687818914652 -0.002514231251552701 0.011544479988515377
v -0.0025107907131314278 -0.0023589488118886948 0.011392669752240181
v -0.0038377034943550825 -0.0017290004761889577 0.011874403804540634
v -0.004621483385562897 -0.0005305628292262554 0.010776462033390999
v -0.0045824903063476086 0.0005222766776569188 0.010194673202931881
v -0.004472114611417055 0.0016760561848059297 0.010133914649486542
v -0.003717476036399603 0.002576540457084775 0.010265368968248367
v -0.0022112210281193256 0.0033248374238610268 0.010410270653665066
v -0.00019036621961276978 -0.0028065454680472612 0.012771391309797764
v -0.000947863794863224 -0.003557621967047453 0.011965150944888592
v -0.0020386807154864073 -0.0037956801243126392 0.011688675731420517
v -0.0034394054673612118 -0.003194433404132724 0.011780872009694576
v -0.004343608394265175 -0.000843278132379055 0.01297538261860609
v 2.2012753106537275e-05 -0.002589323790743947 0.013700980693101883
v -0.0008546966128051281 -0.0033392074983567 0.013418192975223064
v -0.0019839927554130554 -0.00395165104418993 0.013297423720359802
v -0.003440057160332799 -0.0034243054687976837 0.013070673681795597
v -0.004284214228391647 -0.0020931062754243612 0.012925209477543831
v -0.004992826376110315 0.00013981049414724112 0.012314558029174805
v -3.3826869184849784e-05 -0.002319233724847436 0.01473682839423418
v -0.0008963121217675507 -0.002930839778855443 0.01474076695740223
v -0.002237966051325202 -0.0030878144316375256 0.014758328907191753
v -0.0035854780580848455 -0.0025175621267408133 0.014417123049497604
v -0.0043119583278894424 -0.0015098104486241937 0.014201192185282707
v -0.004557039123028517 -0.0006419947603717446 0.014107461087405682
v -0.005138310603797436 0.0005869368906132877 0.013717765919864178
v -0.004010035190731287 -0.0012531046522781253 0.016575254499912262
v -0.003987378906458616 0.001473308657296002 0.004028746858239174
v -0.0030419775284826756 0.002714279806241393 0.003711879253387451
v -0.0014793926384299994 0.0029948237352073193 0.003642203751951456
v 0.00248319492675364 -0.0022153740283101797 0.0125647634267807
v 0.003435842227190733 -0.0020022608805447817 0.01217911671847105
v 0.004304626025259495 -0.0009544045897200704 0.0122689725831151
v -0.0008612720412202179 -0.0035167622845619917 0.012691698037087917
v -0.0019923595245927572 -0.003937158267945051 0.012386679649353027
v -0.003372780978679657 -0.003418736392632127 0.012328100390732288
v 0.0008313380531035364 -0.004818737972527742 0.011332692578434944
v 0.0010980673832818866 -0.005380240734666586 0.011219344101846218
v 0.0013372686225920916 -0.005856159143149853 0.01137793529778719
v 0.002427848055958748 -0.003640896873548627 0.010766682215034962
v 0.0029209000058472157 -0.004386855289340019 0.010718030855059624
v 0.003339404007419944 -0.0048318542540073395 0.010962257161736488
v 0.0024434770457446575 -0.0032719161827117205 0.011407465673983097
v 0.0006610432756133378 -0.004542929120361805 0.011937608011066914
v 0.0027306796982884407 -0.0035955640487372875 0.011847080662846565
v 0.0008422989048995078 -0.004937499761581421 0.012265262193977833
v 0.0030285187531262636 -0.004132951144129038 0.011976899579167366
v 0.0010740127181634307 -0.005365204531699419 0.012297515757381916
v 0.00339139299467206 -0.004758987110108137 0.011648845858871937
v 0.00137593992985785 -0.005898468196392059 0.011954326182603836
v 0.006739382166415453 -0.0029002970550209284 0.010044125840067863
v 0.007027716375887394 -0.0013875090517103672 0.008974986150860786
v 0.007758744992315769 -0.001687453594058752 0.009578723460435867
v 0.006151268724352121 -0.002405460923910141 0.009311103262007236
v 0.005106133874505758 -0.0038458025082945824 0.010418152436614037
v 0.008030915632843971 -0.0008797888294793665 0.010757512412965298
v 0.007644162513315678 -0.001305126934312284 0.010826286859810352
v 0.008072279393672943 -0.0017330753616988659 0.010171827860176563
v 0.008367693051695824 -0.00086127471877262 0.010140652768313885
v 0.005296050105243921 -0.0012888878118246794 0.009475640952587128
v 0.006287052296102047 -0.0008683705236762762 0.009224648587405682
v 0.0038498779758810997 -0.0024097394198179245 0.010065870359539986
v 0.004521547816693783 -0.0032213374506682158 0.010031337849795818
v 0.005354823544621468 -0.0009916892740875483 0.010384616442024708
v 0.0038326953072100878 -0.0020936131477355957 0.010848808102309704
v 0.005676245782524347 -0.0011991517385467887 0.011198896914720535
v 0.006636658683419228 -0.0007289275527000427 0.011753372848033905
v 0.005895144306123257 -0.0006281195674091578 0.010147218592464924
v 0.004140377044677734 -0.002390447538346052 0.011474375613033772
v 0.006169723346829414 -0.0017402295488864183 0.01142908539623022
v 0.004519738256931305 -0.002917703241109848 0.011629528366029263
v 0.00678968196734786 -0.0026585396844893694 0.010983366519212723
v 0.005117165856063366 -0.0037249906454235315 0.011264733970165253
v 0.007194879464805126 -0.000753172324039042 0.00909962598234415
v 0.00835422147065401 -0.0008480043616145849 0.009892916306853294
v 0.008073377422988415 -0.0008178731659427285 0.009566068649291992
v 0.006029373500496149 0.0040344363078475 0.014488778077065945
v 0.006318391300737858 0.002758700866252184 0.014429311268031597
v 0.005427813623100519 0.0018386925803497434 0.014986099675297737
v 0.004859281238168478 0.0022029948886483908 0.015595020726323128
v 0.0062636882066726685 0.003500487422570586 0.015058941207826138
v 0.0044260332360863686 0.0029484140686690807 0.016866521909832954
v 0.007938493974506855 -0.00034603342646732926 0.011170444078743458
v 0.00824518408626318 8.838750363793224e-05 0.010567345656454563
v 0.007271604146808386 0.001947492128238082 0.012286944314837456
v 0.004224597010761499 0.0022100992500782013 0.01528057549148798
v 0.0058845775201916695 0.00263128150254488 0.0157163143157959
v 0.005321606062352657 0.004723450634628534 0.01393954735249281
v 0.004843288101255894 0.005198633763939142 0.014540142379701138
v 0.005491545889526606 0.003509105183184147 0.016882095485925674
v 0.005784539505839348 0.004612868186086416 0.016172237694263458
v 0.005482648033648729 0.005050526931881905 0.015361561439931393
v 0.004891440272331238 0.0005668747471645474 0.012252268381416798
v 0.0054753562435507774 0.0014615330146625638 0.011466660536825657
v 0.005547364242374897 0.00012916621926706284 0.013004984706640244
v 0.006218271795660257 0.0002896229561883956 0.013275857083499432
v 0.007082525175064802 0.0011561717838048935 0.013018975034356117
v 0.00657825730741024 0.0023893665056675673 0.011881489306688309
v 0.007843391969799995 0.0003445038164500147 0.010080303996801376
v 0.006935049779713154 0.0002837729698512703 0.009844870306551456
v -0.0009867667686194181 -0.00727127306163311 0.012364907190203667
v -0.0011674911947920918 -0.007421398069709539 0.011937999166548252
v -0.0012124350760132074 -0.00697151105850935 0.012462753802537918
v -0.0015214659506455064 -0.006406485103070736 0.012604722753167152
v -0.0018282211385667324 -0.0057732402347028255 0.01258319802582264
v -0.0023722404148429632 -0.005303108133375645 0.012086200527846813
v -0.0020817704498767853 -0.005245760548859835 0.012532472610473633
v -0.00024268873676192015 -0.00532718189060688 0.010895504616200924
v -0.0003620665811467916 -0.005743598099797964 0.011329426430165768
v -0.0017786561511456966 -0.006469700951129198 0.01226817537099123
v -0.0021154896821826696 -0.005929562728852034 0.012320871464908123
v -0.0014164193999022245 -0.005345175042748451 0.011398696340620518
v -0.0014524677535519004 -0.007041072007268667 0.012144617736339569
v -0.0029094028286635876 -0.0061723762191832066 0.012559466063976288
v -0.002976049901917577 -0.006197379902005196 0.01219965424388647
v -0.003176610916852951 -0.005653116386383772 0.012114043347537518
v -0.0030790839809924364 -0.005674520041793585 0.01250316109508276
v -0.0035862692166119814 -0.006456543225795031 0.012040399946272373
v -0.0035231299698352814 -0.006441695149987936 0.012329239398241043
v -0.003630107268691063 -0.005969515535980463 0.012307900935411453
v -0.003715054364874959 -0.00594692025333643 0.011987142264842987
v -0.004126210231333971 -0.0062372079119086266 0.012097739614546299
v -0.004068560432642698 -0.006198945455253124 0.011954073794186115
v -0.004075269214808941 -0.006670439150184393 0.011923927813768387
v -0.0041481987573206425 -0.006718835793435574 0.012030710466206074
v -0.0026383118238300085 -0.006838962435722351 0.012579063884913921
v -0.002707151463255286 -0.006844853516668081 0.012241368182003498
v -0.0033245610538870096 -0.007079700473695993 0.012319864705204964
v -0.0033775027841329575 -0.007079744245857 0.012043447233736515
v -0.003966784104704857 -0.007315407041460276 0.011957058683037758
v -0.003878740593791008 -0.0072606089524924755 0.011845411732792854
v -0.0021321172825992107 -0.0073686521500349045 0.012382516637444496
v -0.0017691872781142592 -0.007662688381969929 0.012249440886080265
v -0.0021901503205299377 -0.007365649566054344 0.01209317147731781
v -0.001814896473661065 -0.007687577046453953 0.01194929052144289
v -0.0028346532490104437 -0.007564406376332045 0.012066674418747425
v -0.002438426949083805 -0.007839344441890717 0.01195880863815546
v -0.002822153503075242 -0.007554801646620035 0.011860279366374016
v -0.0023280929308384657 -0.007798828184604645 0.01171751506626606
v -0.0032333065755665302 -0.0076674907468259335 0.011843357235193253
v -0.002745184348896146 -0.00783894769847393 0.011785139329731464
v -0.00269522937014699 -0.007830124348402023 0.011691083200275898
v -0.003148243995383382 -0.007629682309925556 0.011716417968273163
v -0.0013982240343466401 -0.004904847126454115 0.01139877736568451
v -0.001320150913670659 -0.005041349213570356 0.010885114781558514
v -0.0012172149727120996 -0.005380547139793634 0.011004853062331676
v -0.0019777286797761917 -0.005592797417193651 0.011178727261722088
v -0.0020690110977739096 -0.00531993992626667 0.011101474054157734
v -0.0019465262303128839 -0.0054493253119289875 0.01065153069794178
v -0.0018344306154176593 -0.005695835687220097 0.010775422677397728
v -0.0021931170485913754 -0.005822756793349981 0.01066322810947895
v -0.00274016079492867 -0.005631170701235533 0.01050336379557848
v -0.0026828167028725147 -0.005831485148519278 0.010669535957276821
v -0.00284319999627769 -0.00554903456941247 0.010731467977166176
v -0.0027625667862594128 -0.00576898455619812 0.010829834267497063
v -0.0023484420962631702 -0.005716214422136545 0.011034493334591389
v -0.001074481289833784 0.00335236475802958 0.010448722168803215
v -0.005432750564068556 0.00026560056721791625 0.018344935029745102
v -0.00554310530424118 0.0009596085292287171 0.018737545236945152
v -0.005838674958795309 0.0020150498021394014 0.018504390493035316
v -0.0059175025671720505 0.002705065533518791 0.017834125086665154
v -0.00597316212952137 -8.770244312472641e-05 0.016801733523607254
v -0.007627368904650211 0.0003429558710195124 0.01864231936633587
v -0.016178816556930542 -0.0034227552823722363 0.02158762887120247
v -0.015329243615269661 -0.0032059659715741873 0.02176968939602375
v -0.015650779008865356 -0.004015171900391579 0.023680834099650383
v -0.01624283194541931 -0.004208918195217848 0.023550137877464294
v -0.01680156961083412 -0.004163976758718491 0.0235754381865263
v -0.016821563243865967 -0.003291174303740263 0.021538862958550453
v -0.01520491298288107 -0.0025180154480040073 0.02201106585562229
v -0.015451478771865368 -0.003500890452414751 0.024091733619570732
v -0.01573256403207779 -0.0022246260195970535 0.022137559950351715
v -0.015944454818964005 -0.003316448535770178 0.02423962950706482
v -0.01635853573679924 -0.0022742983419448137 0.022144002839922905
v -0.016431210562586784 -0.003354164306074381 0.02418534643948078
v -0.01696968451142311 -0.0026997937820851803 0.021867113187909126
v -0.01696748286485672 -0.0037058210000395775 0.02388887293636799
v -0.01564858853816986 -0.0016992988530546427 0.016502518206834793
v -0.016751492395997047 -0.0017452941974624991 0.017832240089774132
v -0.016408922150731087 -0.0010307799093425274 0.01645643636584282
v -0.01585209183394909 -0.0022986505646258593 0.017718486487865448
v -0.016781896352767944 -0.0025488596875220537 0.019580019637942314
v -0.015895238146185875 0.00027247669640928507 0.01710338145494461
v -0.016687538474798203 -0.00042278453474864364 0.016649551689624786
v -0.016043247655034065 1.2513541150838137e-05 0.016102222725749016
v -0.014508742839097977 -0.0013712671352550387 0.0169594194740057
v -0.014544314704835415 -0.0019477095920592546 0.01813293807208538
v -0.014870989136397839 -0.0025973531883209944 0.019912637770175934
v -0.015869705006480217 -0.0027668620459735394 0.019621338695287704
v -0.01457140687853098 -0.00106949417386204 0.01851506158709526
v -0.01481037586927414 -0.001837278832681477 0.02027573622763157
v -0.014891965314745903 4.727380655822344e-05 0.01754916086792946
v -0.015120520256459713 -0.00041339246672578156 0.018793292343616486
v -0.014666612260043621 -0.000595086021348834 0.01743166334927082
v -0.015375657007098198 -0.0013777647400274873 0.02048410288989544
v -0.015876540914177895 -0.0003113796410616487 0.018707865849137306
v -0.016041947528719902 -0.0013713293010368943 0.020439404994249344
v -0.016827451065182686 -0.0008741245837882161 0.018254661932587624
v -0.016911974176764488 -0.0018247895641252398 0.020016159862279892
v -0.015309610404074192 -0.0014247687067836523 0.016029376536607742
v -0.01607144996523857 -0.0002073257783195004 0.015894031152129173
v -0.015907511115074158 -0.0006183812511153519 0.015808163210749626
v -0.0092295678332448 0.0019309289054945111 0.01681171916425228
v -0.009074145928025246 0.0015110083622857928 0.016130102798342705
v -0.01008528470993042 0.0015426278114318848 0.01731209270656109
v -0.0076495627872645855 0.0013525858521461487 0.018841052427887917
v -0.009064353071153164 0.0008723033824935555 0.018483614549040794
v -0.014965970069169998 0.0003488210204523057 0.01583222858607769
v -0.014817514456808567 0.0005171804805286229 0.016764134168624878
v -0.012299146503210068 0.0009473877726122737 0.015962028875947
v -0.009242132306098938 0.0016944954404607415 0.017962297424674034
v -0.00993193220347166 0.000934745476115495 0.018218792974948883
v -0.00770574901252985 0.0008383617969229817 0.015891456976532936
v -0.0077218906953930855 -0.00013267697067931294 0.01663396880030632
v -0.008827583864331245 -0.00042048495379276574 0.016657041385769844
v -0.008952710777521133 0.0006447696359828115 0.015914663672447205
v -0.007642565295100212 -0.00013069083797745407 0.01795579306781292
v -0.008816550485789776 -0.0003588702529668808 0.017891377210617065
v -0.008907967247068882 0.00018192024435847998 0.018457822501659393
v -0.0078195221722126 0.002186013385653496 0.01814582385122776
v -0.007845279760658741 0.002391272224485874 0.016811275854706764
v -0.007643987890332937 0.00172328797634691 0.01606886275112629
v -0.012096281163394451 -0.0010899041080847383 0.017559824511408806
v -0.012065615504980087 -0.0009662806987762451 0.016399288550019264
v -0.012206511572003365 -0.0004241039277985692 0.018047604709863663
v -0.012300195172429085 0.00036702374927699566 0.018083153292536736
v -0.012369279749691486 0.000971343950368464 0.017185572534799576
v -0.01214595977216959 8.526158489985391e-05 0.015646828338503838
v -0.014827596955001354 -0.00026529355091042817 0.015574907884001732
v -0.014477667398750782 -0.001087917247787118 0.015996064990758896
v -0.01743881031870842 -0.00492603424936533 0.026234129443764687
v -0.01746007241308689 -0.005406412295997143 0.026155175641179085
v -0.01709470897912979 -0.004873618017882109 0.02640502341091633
v -0.01648101955652237 -0.004748202860355377 0.026611341163516045
v -0.015783559530973434 -0.004731145221740007 0.026705268770456314
v -0.015093483962118626 -0.00526656536385417 0.02673848159611225
v -0.0151990270242095 -0.004742067772895098 0.026762651279568672
v -0.01570129208266735 -0.005116570275276899 0.024380220100283623
v -0.01610281504690647 -0.004959903657436371 0.024816308170557022
v -0.016406722366809845 -0.0051696752198040485 0.026627067476511
v -0.01579490303993225 -0.005137538071721792 0.02680770307779312
v -0.015375467948615551 -0.005330901592969894 0.025596389546990395
v -0.017034651711583138 -0.0052734240889549255 0.026419533416628838
v -0.015775518491864204 -0.005434221588075161 0.02761874534189701
v -0.015728916972875595 -0.005763510707765818 0.027464045211672783
v -0.01524690818041563 -0.005415061023086309 0.027613600715994835
v -0.015142676420509815 -0.005769580602645874 0.02745601162314415
v -0.015736931934952736 -0.00628703273832798 0.027900805696845055
v -0.015782542526721954 -0.006019288208335638 0.02801855467259884
v -0.01530409511178732 -0.005947490688413382 0.027990464121103287
v -0.015211999416351318 -0.006240581162273884 0.02786307781934738
v -0.015318941324949265 -0.006527820602059364 0.028172321617603302
v -0.015353080816566944 -0.006454900838434696 0.028309959918260574
v -0.015750572085380554 -0.006699569523334503 0.028258660808205605
v -0.016491297632455826 -0.0054815602488815784 0.02755850739777088
v -0.016429053619503975 -0.005788495298475027 0.027414539828896523
v -0.01638862118124962 -0.0063666957430541515 0.027870358899235725
v -0.01644282601773739 -0.006118686869740486 0.02799186110496521
v -0.016391536220908165 -0.006814026739448309 0.02832876704633236
v -0.016356756910681725 -0.006840547081083059 0.028182797133922577
v -0.017133593559265137 -0.005537197459489107 0.027158765122294426
v -0.017515497282147408 -0.005544605664908886 0.026858797296881676
v -0.017073115333914757 -0.0057972329668700695 0.02703298069536686
v -0.017483800649642944 -0.005815382581204176 0.02672288380563259
v -0.017030339688062668 -0.0062142121605575085 0.02756202593445778
v -0.017409345135092735 -0.006178362760692835 0.027246922254562378
v -0.01699899323284626 -0.006369397509843111 0.027428679168224335
v -0.017378756776452065 -0.006301067303866148 0.02701018750667572
v -0.01727987453341484 -0.006476232316344976 0.027383927255868912
v -0.016958605498075485 -0.006631108000874519 0.027763208374381065
v -0.017276840284466743 -0.0065225837752223015 0.027287691831588745
v -0.01693658158183098 -0.006676570046693087 0.027614125981926918
v -0.014972870238125324 -0.005186690483242273 0.02548990584909916
v -0.015060143545269966 -0.005597557872533798 0.025155019015073776
v -0.015426444821059704 -0.00555229838937521 0.025216344743967056
v -0.015381886623799801 -0.005873895715922117 0.025956787168979645
v -0.015086750499904156 -0.005899504292756319 0.025925301015377045
v -0.015191108919680119 -0.006234291009604931 0.02559179812669754
v -0.015475056134164333 -0.006152600049972534 0.025628991425037384
v -0.015065032988786697 -0.006820669397711754 0.026162007823586464
v -0.015453755855560303 -0.006467375438660383 0.02586943656206131
v -0.015292542055249214 -0.006719588302075863 0.026257148012518883
v -0.014982538297772408 -0.006667172070592642 0.026359567418694496
v -0.015227577649056911 -0.0066140759736299515 0.02640070766210556
v -0.015348996967077255 -0.006219411734491587 0.02618701010942459
v 0.003001484554260969 -0.003469213144853711 0.0021225642412900925
v 0.000531909812707454 -0.0037779551930725574 0.001964049180969596
v 0.004940380807965994 -0.0018693699967116117 0.001964192371815443
v 0.005680311005562544 -0.0007950584404170513 0.002276489743962884
v 0.005920574069023132 0.001751650939695537 0.0026635383255779743
v 0.005284603219479322 0.0038504234980791807 0.001966755371540785
v 0.004083849024027586 0.005442214664071798 0.0013895892770960927
v 0.0018278708448633552 0.005571744404733181 0.0010961651569232345
v -0.00013435537402983755 0.005105810239911079 0.0005799269420094788
v -0.00208492879755795 -0.003335845423862338 0.0013676309026777744
v -0.0036552988458424807 -0.002828227588906884 0.0008620786247774959
v -0.005032018292695284 -0.002125543775036931 0.0009489297517575324
v -0.005878743249922991 0.0002973500522784889 0.0012424445012584329
v -0.005190796218812466 0.003110710997134447 0.001167590613476932
v -0.0038352704141288996 0.004890027921646833 0.0007132601458579302
v -0.0021682095248252153 0.0052922735922038555 0.000613360374700278
v 0.0038046357221901417 -0.003931358456611633 -0.00316931726410985
v 0.0006438614218495786 -0.005160954315215349 -0.0033721993677318096
v 0.005457350518554449 -0.0026956461369991302 -0.0033720158971846104
v 0.006568138487637043 -0.00134318508207798 -0.002972307149320841
v 0.006875647231936455 0.0019163130782544613 -0.0024769282899796963
v 0.00582003453746438 0.004602502565830946 -0.003368737641721964
v 0.004456448368728161 0.0066398135386407375 -0.004107441753149033
v 0.0023025444243103266 0.006901671178638935 -0.004482991527765989
v -0.0002088822511723265 0.006209254264831543 -0.005141611211001873
v -0.0024411906488239765 -0.004595103207975626 -0.0040602064691483974
v -0.004210846498608589 -0.0034063521306961775 -0.0047072554007172585
v -0.00544652808457613 -0.0030460539273917675 -0.004596097394824028
v -0.006530240178108215 5.497401434695348e-05 -0.004220430739223957
v -0.0056497459299862385 0.003655755426734686 -0.004316234495490789
v -0.004441188182681799 0.00593307800590992 -0.004897727631032467
v -0.002547780517488718 0.006447907537221909 -0.005025589372962713
v 0.005150413606315851 -0.005816691555082798 -0.011398465372622013
v 0.0008119947742670774 -0.007504410110414028 -0.011676933616399765
v 0.007580026984214783 -0.0032761518377810717 -0.011676683090627193
v 0.009757914580404758 -0.002264212816953659 -0.011128053069114685
v 0.010179996490478516 0.002209712751209736 -0.010448104701936245
v 0.008731081150472164 0.005896724760532379 -0.011672182008624077
v 0.006369015201926231 0.008213500492274761 -0.011305737309157848
v 0.003088671714067459 0.008635367266833782 -0.011821210384368896
v -0.00035846501123160124 0.00873384065926075 -0.012725219130516052
v -0.0037851305678486824 -0.006727734114974737 -0.012621283531188965
v -0.007024671882390976 -0.005096076522022486 -0.013509410433471203
v -0.00826697051525116 -0.004601538646966219 -0.013356836512684822
v -0.009754452854394913 -0.0003451261727605015 -0.012841204181313515
v -0.008545903488993645 0.004597237333655357 -0.012972701340913773
v -0.0067495363764464855 0.007277058903127909 -0.01239046547561884
v -0.003931433893740177 0.008145008236169815 -0.012565968558192253
v -0.01578402891755104 -0.006667116191238165 0.028388628736138344
v 0.0017726932419463992 0.0007192717166617513 0.027185192331671715
v -0.016149286180734634 -0.003360743634402752 0.024217352271080017
v -0.016149286180734634 -0.0027649637777358294 0.02309965156018734
v -0.016149286180734634 -0.0025042404886335135 0.023977769538760185
v -0.01671145111322403 -0.003576065879315138 0.024116944521665573
v -0.016648275777697563 -0.0030085432808846235 0.023009227588772774
v -0.01691579259932041 -0.002819039858877659 0.023830976337194443
v -0.01694430783390999 -0.0038237753324210644 0.024001436308026314
v -0.01694430783390999 -0.003334290347993374 0.022951731458306313
v -0.017233287915587425 -0.0035790326073765755 0.023476580157876015
v -0.01671145111322403 -0.004257914610207081 0.023798994719982147
v -0.01671145111322403 -0.0037505696527659893 0.022672247141599655
v -0.01691579259932041 -0.004339025821536779 0.023122195154428482
v -0.016149286180734634 -0.0043365852907299995 0.023762306198477745
v -0.016149286180734634 -0.00379433436319232 0.022641940042376518
v -0.016149286180734634 -0.0046538254246115685 0.022975396364927292
v -0.01569829136133194 -0.004270120058208704 0.023793300613760948
v -0.015760080888867378 -0.00370981078594923 0.022700438275933266
v -0.015382780693471432 -0.004339025821536779 0.023122195154428482
v -0.015514814294874668 -0.0038237753324210644 0.024001436308026314
v -0.015354265458881855 -0.003334290347993374 0.022951731458306313
v -0.015065285377204418 -0.0035790326073765755 0.023476580157876015
v -0.015587122179567814 -0.0035033125896006823 0.024150867015123367
v -0.015587122179567814 -0.0029185786843299866 0.023145584389567375
v -0.015382780693471432 -0.002819039858877659 0.023830976337194443
v 0.0011371105210855603 -0.005112461745738983 0.012126092799007893
v 0.002284357091411948 -0.004577491898089647 0.012083200737833977
v 0.0017132831271737814 -0.004843788221478462 0.01274805050343275
v 0.0008807627018541098 -0.0046117184683680534 0.011889410205185413
v 0.0020340660121291876 -0.004143631551414728 0.011827044188976288
v 0.0013619076926261187 -0.004161891993135214 0.012402033433318138
v 0.0007607641164213419 -0.004410746041685343 0.011617136187851429
v 0.0018064732430502772 -0.003923123702406883 0.011516189202666283
v 0.0011614903341978788 -0.0039050295017659664 0.011566662229597569
v 0.0008213356486521661 -0.00463942950591445 0.011139935813844204
v 0.0023771931882947683 -0.0050668250769376755 0.0110159395262599
v 0.0012294325279071927 -0.004223666153848171 0.010731291957199574
v 0.0010520601645112038 -0.005152121186256409 0.011053466238081455
v 0.0021771474275738 -0.0046274843625724316 0.010962882079184055
v 0.0015259350184351206 -0.004931149538606405 0.010385274887084961
v 0.00124845199752599 -0.005558161064982414 0.011126522906124592
v 0.002334021031856537 -0.004983773920685053 0.011065330356359482
v 0.001877310685813427 -0.005613046232610941 0.010731291957199574
v 0.0013648943277075887 -0.00570630794391036 0.011617136187851429
v 0.0024784542620182037 -0.005364192184060812 0.011516189202666283
v 0.0020777282770723104 -0.005869908258318901 0.011566662229597569
v 0.0013622657861560583 -0.005627750419080257 0.01196938008069992
v 0.0024162763729691505 -0.005136257503181696 0.011973132379353046
v 0.002009785734117031 -0.005551271140575409 0.012402033433318138
v -0.0028220301028341055 0.0027961498126387596 0.01968303695321083
v -0.002500794129446149 0.002940493868663907 0.019314488396048546
v -0.003373672952875495 0.002550471341237426 0.019180946052074432
v -0.002925195964053273 0.0012713880278170109 0.019256705418229103
v -0.002338722813874483 0.001984882401302457 0.01880865916609764
v -0.0034863161854445934 0.0007967741694301367 0.018755154684185982
v -0.0027067249175161123 -3.795412339968607e-05 0.018501901999115944
v -0.0022078726906329393 2.095706804539077e-05 0.01810307428240776
v -0.003115858882665634 -0.0007091598236002028 0.017616910859942436
v -0.002063809661194682 -0.001042648684233427 0.017403801903128624
v -0.0019918419420719147 -0.0002137454430339858 0.017616162076592445
v -0.0023169182240962982 -0.001266344217583537 0.016553940251469612
v -0.0012506624916568398 -0.0016742253210395575 0.01607637293636799
v -0.001017889124341309 -0.0007799526792950928 0.016154756769537926
v -0.0013816815335303545 -0.0017854616744443774 0.015753068029880524
v -0.00037804804742336273 -0.0016801455058157444 0.015560578554868698
v -0.000544405949767679 -0.0004459707997739315 0.015797734260559082
v -0.00037804810563102365 -0.0020065216813236475 0.014848718419671059
v 0.0006029628566466272 -0.0013076934264972806 0.015366115607321262
v 0.000270968972472474 2.524907176848501e-05 0.015541830100119114
v 0.0006255851476453245 -0.001533036702312529 0.014845933765172958
v 0.0013387108920142055 -0.0010426492663100362 0.015587935224175453
v 0.0009592081187292933 0.0007475648890249431 0.015711983665823936
v 0.0015606391243636608 -0.0011575514217838645 0.01513523980975151
v 0.0019009162206202745 -0.00032484924304299057 0.015935802832245827
v 0.0014428227441385388 0.0004922589287161827 0.015874575823545456
v 0.002279470441862941 -0.0003711639146786183 0.015555872581899166
v 0.002510988852009177 0.000664459599647671 0.01665273681282997
v 0.0018122043693438172 0.0015502381138503551 0.016357220709323883
v 0.0027241900097578764 0.0007967723649926484 0.016135653480887413
v 0.00259416364133358 0.002382921986281872 0.01779998280107975
v 0.0019477074965834618 0.002940491773188114 0.016880039125680923
v 0.0029945122078061104 0.002550469245761633 0.017078189179301262
v 0.0033652435522526503 0.0011702232295647264 0.02618497796356678
v 0.003025528509169817 0.00021599089086521417 0.02623751014471054
v 0.0033929450437426567 0.0004444821388460696 0.025247830897569656
v 0.004360890481621027 0.0010464326478540897 0.025553248822689056
v 0.004364956635981798 0.0010489614214748144 0.026674598455429077
v 0.0034778036642819643 0.0004972541355527937 0.02715459279716015
v 0.0025124531239271164 0.00023332408454734832 0.02607833407819271
v 0.003053039778023958 0.00037659265217371285 0.02517055906355381
v 0.003313827095553279 0.0007316869450733066 0.02499273233115673
v 0.004187280312180519 0.001274874317459762 0.02522076480090618
v 0.004524733871221542 0.0012918170541524887 0.025554770603775978
v 0.004523970186710358 0.001484256936237216 0.026603473350405693
v 0.004418273456394672 0.001225610845722258 0.02698773331940174
v 0.0035978162195533514 0.0007153808837756515 0.02740783616900444
v 0.003141570370644331 0.0006245627300813794 0.02731131576001644
v 0.0025487509556114674 0.0002558971755206585 0.02652224898338318
v -0.0008244607597589493 0.006003949325531721 0.013691243715584278
v -0.0012280496302992105 0.005038540344685316 0.01293635368347168
v -0.001012206426821649 0.003973245155066252 0.012629866600036621
v -0.0015688820276409388 0.001657801796682179 0.023750152438879013
v -0.0015688820276409388 0.001657801796682179 0.023750152438879013
v -0.0012272411258891225 0.001283097779378295 0.02553500048816204
v -0.0023242414463311434 0.0016115122707560658 0.019925136119127274
v -0.0023242414463311434 0.0016115122707560658 0.019925136119127274
v -0.0023181303404271603 0.002111672656610608 0.0207222793251276
v -0.0023181303404271603 0.002111672656610608 0.0207222793251276
v -0.0022456448059529066 0.0025124915409833193 0.02126842923462391
v -0.0023242414463311434 0.0016115122707560658 0.019925136119127274
v -0.0023242414463311434 0.0016115122707560658 0.019925136119127274
v -0.0036815525963902473 0.005249218083918095 0.01657409593462944
v -0.0036815525963902473 0.005249218083918095 0.01657409593462944
v -0.0003729197196662426 0.0063730631954967976 0.01445701066404581
v -0.00021160233882255852 0.007004650309681892 0.017894983291625977
v 0.0014261651085689664 0.007579370401799679 0.026272477582097054
v 0.0010475683957338333 0.007902801968157291 0.025859389454126358
v 0.0011081461561843753 0.0074533638544380665 0.026430686935782433
v 0.0010200368706136942 0.004077764693647623 0.028102125972509384
v 0.0016329584177583456 0.005490253213793039 0.027678092941641808
v 0.0010047631803900003 0.006729234475642443 0.026981916278600693
v 0.0016329584177583456 0.005490253213793039 0.027678092941641808
v 0.0010200368706136942 0.004077764693647623 0.028102125972509384
v 0.0010047631803900003 0.006729234475642443 0.026981916278600693
v 0.0010047631803900003 0.006729234475642443 0.026981916278600693
v 0.0010047631803900003 0.006729234475642443 0.026981916278600693
v 0.0010047631803900003 0.006729234475642443 0.026981916278600693
v 0.0010782309109345078 -3.063748408749234e-06 0.026447152718901634
v 0.0017572022043168545 4.2689174733823165e-05 0.02652084268629551
v -0.00013721933646593243 0.00029898708453401923 0.026110533624887466
v -0.0019573369063436985 0.0019953204318881035 0.02247639186680317
v -0.0022220280952751637 0.0022476757876574993 0.021860774606466293
v -0.00275554321706295 0.002654881915077567 0.02130485512316227
v -0.0022456448059529066 0.0025124915409833193 0.02126842923462391
v -0.0019573369063436985 0.0019953204318881035 0.02247639186680317
v -0.0022220280952751637 0.0022476757876574993 0.021860774606466293
v -0.0022456448059529066 0.0025124915409833193 0.02126842923462391
v -0.0022220280952751637 0.0022476757876574993 0.021860774606466293
v -0.00275554321706295 0.002654881915077567 0.02130485512316227
v -0.0022456448059529066 0.0025124915409833193 0.02126842923462391
v -0.0022220280952751637 0.0022476757876574993 0.021860774606466293
v 0.001155358855612576 -5.528010660782456e-06 0.016781819984316826
v 0.0008910423493944108 0.0003324596618767828 0.0177047960460186
v 0.001155358855612576 -5.528010660782456e-06 0.016781819984316826
v 0.0008910423493944108 0.0003324596618767828 0.0177047960460186
v 0.0014261651085689664 0.007579370401799679 0.026272477582097054
v 0.0016329584177583456 0.005490253213793039 0.027678092941641808
v 0.0016179843805730343 0.0008194471593014896 0.01873728632926941
v 0.001650468329899013 -0.00022843496117275208 0.01711220294237137
v 0.001650468329899013 -0.00022843496117275208 0.01711220294237137
v 0.0022808252833783627 0.0017043378902599216 0.01939346268773079
v 0.0016416042344644666 8.859187801135704e-05 0.01593436673283577
v 0.0008540668059140444 -0.0001430352422175929 0.016250047832727432
v 0.0016416042344644666 8.859187801135704e-05 0.01593436673283577
v 0.001155358855612576 -5.528010660782456e-06 0.016781819984316826
v 0.0031150614377111197 0.004772883374243975 0.012914266437292099
v 0.0033702256623655558 0.005226661451160908 0.013009872287511826
v 0.0033702256623655558 0.005226661451160908 0.013009872287511826
v 0.0033702256623655558 0.005226661451160908 0.013009872287511826
v 0.0030180795583873987 0.005427259486168623 0.013134106993675232
v 0.00034212536411359906 0.007360799238085747 0.020844120532274246
v 0.0034042017068713903 0.005403123330324888 0.02011532336473465
v 0.003921864088624716 0.0048911115154623985 0.018062995746731758
v 0.0034042017068713903 0.005403123330324888 0.02011532336473465
v 0.003921864088624716 0.0048911115154623985 0.018062995746731758
v 0.000883168017026037 0.008297245018184185 0.024885205551981926
v 0.0009162030764855444 0.00815760251134634 0.02338354103267193
v 0.0024554277770221233 0.0005398258217610419 0.026853421702980995
v 0.003027689876034856 0.0009349093888886273 0.024684499949216843
v 0.0024554277770221233 0.0005398258217610419 0.026853421702980995
v 0.0021224552765488625 0.0010151735041290522 0.026324929669499397
v 0.002913595410063863 0.0006982919294387102 0.026388486847281456
v 0.0031690250616520643 0.0006898678839206696 0.0258870217949152
v 0.002913595410063863 0.0006982919294387102 0.026388486847281456
v 0.0021224552765488625 0.0010151735041290522 0.026324929669499397
v 0.0025448407977819443 0.0014193777460604906 0.026001114398241043
v 0.0016329584177583456 0.005490253213793039 0.027678092941641808
v 0.0016329584177583456 0.005490253213793039 0.027678092941641808
v 0.0024554277770221233 0.0005398258217610419 0.026853421702980995
v 0.0031690250616520643 0.0006898678839206696 0.0258870217949152
v 0.0031690250616520643 0.0006898678839206696 0.0258870217949152
v 0.0031690250616520643 0.0006898678839206696 0.0258870217949152
v 0.003027689876034856 0.0009349093888886273 0.024684499949216843
v 0.003130936762318015 0.0017179849091917276 0.022589143365621567
v 0.0024300883524119854 0.0023188956547528505 0.02281441166996956
v 0.003027689876034856 0.0009349093888886273 0.024684499949216843
v 0.003130936762318015 0.0017179849091917276 0.022589143365621567
v 0.0024300883524119854 0.0023188956547528505 0.02281441166996956
v 0.0029659238643944263 0.0021411289926618338 0.02117374911904335
v 0.003130936762318015 0.0017179849091917276 0.022589143365621567
v 0.0029659238643944263 0.0021411289926618338 0.02117374911904335
v 0.002993849338963628 0.0022980307694524527 0.020120620727539062
v 0.002993849338963628 0.0022980307694524527 0.020120620727539062
v 0.002993849338963628 0.0022980307694524527 0.020120620727539062
v 0.002993849338963628 0.0022980307694524527 0.020120620727539062
v 0.0022808252833783627 0.0017043378902599216 0.01939346268773079
v 0.002913595410063863 0.0006982919294387102 0.026388486847281456
v 0.0029659238643944263 0.0021411289926618338 0.02117374911904335
v 0.0031150614377111197 0.004772883374243975 0.012914266437292099
v 0.0030180795583873987 0.005427259486168623 0.013134106993675232
v 0.0033702256623655558 0.005226661451160908 0.013009872287511826
v 0.0029659238643944263 0.0021411289926618338 0.02117374911904335
v 0.0009588722023181617 6.940663297427818e-05 0.023524383082985878
v 0.0007136475760489702 -0.0005093780346214771 0.023486528545618057
v 0.0008254483691416681 -9.243203385267407e-05 0.02314040996134281
v 0.0007136475760489702 -0.0005093780346214771 0.023486528545618057
v 0.0007136475760489702 -0.0005093780346214771 0.023486528545618057
v 0.0008254483691416681 -9.243203385267407e-05 0.02314040996134281
v 0.0009578554308973253 -7.2597654252604116e-06 0.023283585906028748
v 0.0007136475760489702 -0.0005093780346214771 0.023486528545618057
v 0.00023665181652177125 -0.0007323385798372328 0.023514708504080772
v 0.0012282938696444035 0.0017737405141815543 0.020932745188474655
v 0.0008254483691416681 -9.243203385267407e-05 0.02314040996134281
v 0.001349440193735063 0.0007415300351567566 0.024356750771403313
v 0.0008878571097739041 0.00017239060252904892 0.02381020411849022
v 0.0005670276586897671 -0.0007544416002929211 0.023704733699560165
v 0.0005670276586897671 -0.0007544416002929211 0.023704733699560165
v 0.000665542611386627 -0.0001983485126402229 0.023154549300670624
v 0.0004013971774838865 -0.0005675050197169185 0.022724075242877007
v 0.00038668260094709694 -0.0003101147885899991 0.0232029240578413
v 0.0002023079723585397 -0.0005800984217785299 0.022786645218729973
v 0.00020310303079895675 -0.00030125072225928307 0.02318313531577587
v 0.0004013971774838865 -0.0005675050197169185 0.022724075242877007
v 0.0002023079723585397 -0.0005800984217785299 0.022786645218729973
v 5.487495582201518e-05 -0.0005253652925603092 0.022781405597925186
v 1.79644011950586e-05 -0.0004656519740819931 0.022623667493462563
v 0.0002023079723585397 -0.0005800984217785299 0.022786645218729973
v 1.79644011950586e-05 -0.0004656519740819931 0.022623667493462563
v 0.00028207103605382144 -0.00034336160751990974 0.022037940099835396
v 0.00028207103605382144 -0.00034336160751990974 0.022037940099835396
v 0.00016129849245771766 -0.0004865768423769623 0.021360201761126518
v 0.00016129849245771766 -0.0004865768423769623 0.021360201761126518
v -0.00032673391979187727 -0.0005380074144341052 0.02146528661251068
v 0.00016129849245771766 -0.0004865768423769623 0.021360201761126518
v 0.0006843745359219611 0.001412582816556096 0.020920133218169212
v 0.0012282938696444035 0.0017737405141815543 0.020932745188474655
v 0.0003252629248891026 0.0012640164932236075 0.020914683118462563
v -0.0002138510171789676 0.0011787419207394123 0.02099900133907795
v 0.0009578554308973253 -7.2597654252604116e-06 0.023283585906028748
v 0.0009588722023181617 6.940663297427818e-05 0.023524383082985878
v 0.0008878571097739041 0.00017239060252904892 0.02381020411849022
v 0.0009588722023181617 6.940663297427818e-05 0.023524383082985878
v 0.0009578554308973253 -7.2597654252604116e-06 0.023283585906028748
v 0.0008254483691416681 -9.243203385267407e-05 0.02314040996134281
v 0.001349440193735063 0.0007415300351567566 0.024356750771403313
v 0.000665542611386627 -0.0001983485126402229 0.023154549300670624
v -0.00013505647075362504 0.0002270757977385074 0.023840054869651794
v -0.0001069595236913301 -0.00039110309444367886 0.02372332476079464
v -0.0001069595236913301 -0.00039110309444367886 0.02372332476079464
v -0.0002697540039662272 6.542084884131327e-05 0.023456454277038574
v -0.0001069595236913301 -0.00039110309444367886 0.02372332476079464
v -0.0002801251830533147 0.00017117227253038436 0.023640822619199753
v -0.0002697540039662272 6.542084884131327e-05 0.023456454277038574
v -0.0001069595236913301 -0.00039110309444367886 0.02372332476079464
v 0.00023665181652177125 -0.0007323385798372328 0.023514708504080772
v 0.00020310303079895675 -0.00030125072225928307 0.02318313531577587
v -0.001484193024225533 0.0028832643292844296 0.022019419819116592
v -0.001263465266674757 0.002132879802957177 0.02165178768336773
v -0.0002697540039662272 6.542084884131327e-05 0.023456454277038574
v 0.0001585947466082871 0.0009131675469689071 0.024700388312339783
v 9.887519263429567e-05 0.00028610738809220493 0.024037880823016167
v 6.210866558831185e-05 -0.000681666424497962 0.023850440979003906
v 6.210866558831185e-05 -0.000681666424497962 0.023850440979003906
v -0.0001602510892553255 -7.932573498692364e-05 0.023392848670482635
v -0.00026730564422905445 -0.00047112416359595954 0.022917041555047035
v 6.215420580701903e-05 -0.00026333951973356307 0.023296570405364037
v -7.631802873220295e-05 -0.0005399396759457886 0.022867050021886826
v 5.487495582201518e-05 -0.0005253652925603092 0.022781405597925186
v -0.00026730564422905445 -0.00047112416359595954 0.022917041555047035
v -7.631802873220295e-05 -0.0005399396759457886 0.022867050021886826
v 1.79644011950586e-05 -0.0004656519740819931 0.022623667493462563
v 5.487495582201518e-05 -0.0005253652925603092 0.022781405597925186
v -7.631802873220295e-05 -0.0005399396759457886 0.022867050021886826
v 1.79644011950586e-05 -0.0004656519740819931 0.022623667493462563
v -0.0010663296561688185 0.00018647534307092428 0.022237518802285194
v -0.0004706199106294662 -0.00023487569706048816 0.02225513942539692
v -0.0004706199106294662 -0.00023487569706048816 0.02225513942539692
v -0.0007642872515134513 -0.0003531715483404696 0.02162729762494564
v -0.0010663296561688185 0.00018647534307092428 0.022237518802285194
v -0.0007642872515134513 -0.0003531715483404696 0.02162729762494564
v -0.0007642872515134513 -0.0003531715483404696 0.02162729762494564
v -0.000922952953260392 0.0016442480264231563 0.02138395793735981
v -0.0006731649627909064 0.0014079209649935365 0.021202797070145607
v -0.001484193024225533 0.0028832643292844296 0.022019419819116592
v -0.0002801251830533147 0.00017117227253038436 0.023640822619199753
v -0.00013505647075362504 0.0002270757977385074 0.023840054869651794
v -0.00013505647075362504 0.0002270757977385074 0.023840054869651794
v 9.887519263429567e-05 0.00028610738809220493 0.024037880823016167
v -0.0002801251830533147 0.00017117227253038436 0.023640822619199753
v -0.0002697540039662272 6.542084884131327e-05 0.023456454277038574
v 0.0001585947466082871 0.0009131675469689071 0.024700388312339783
v -0.0001602510892553255 -7.932573498692364e-05 0.023392848670482635
v 0.00321784196421504 0.0030646976083517075 0.01776571199297905
v 0.00321784196421504 0.0030646976083517075 0.01776571199297905
v 0.003714031772688031 0.005015908274799585 0.018177852034568787
v 0.0033827987499535084 0.00602174224331975 0.01765429973602295
v 0.004768699407577515 0.004560241475701332 0.01779806613922119
v 0.004897844512015581 0.005584189668297768 0.017318395897746086
v 0.0033827987499535084 0.00602174224331975 0.01765429973602295
v 0.004897844512015581 0.005584189668297768 0.017318395897746086
v 0.003714031772688031 0.005015908274799585 0.018177852034568787
v 0.004048019647598267 0.0038466346450150013 0.017858266830444336
v 0.004768699407577515 0.004560241475701332 0.01779806613922119
v 0.003444154979661107 -0.0008532537613064051 0.006420698016881943
v 0.00031186765409074724 -0.0023358664475381374 0.010917472653090954
v 0.002044874243438244 -0.0011681225150823593 0.011492486111819744
v 0.0038254261016845703 0.0008687260560691357 0.011807155795395374
v 0.00048614179831929505 -0.0021887102629989386 0.01263829693198204
v 0.001344566117040813 -0.0013962265802547336 0.01192648895084858
v 0.000785946671385318 -0.0014739447506144643 0.012439264915883541
v 0.002044874243438244 -0.0011681225150823593 0.011492486111819744
v 0.002044874243438244 -0.0011681225150823593 0.011492486111819744
v 0.0030356154311448336 -0.00037475768476724625 0.011333508417010307
v 0.0038254261016845703 0.0008687260560691357 0.011807155795395374
v 0.004233766812831163 -0.0006915746489539742 0.011783075518906116
v 0.0003410453209653497 -0.0016430903924629092 0.013583492487668991
v 0.0003410453209653497 -0.0016430903924629092 0.013583492487668991
v 0.003439120016992092 -0.0020005328115075827 0.0132374232634902
v 0.0038254261016845703 0.0008687260560691357 0.011807155795395374
v 0.00022946301032789052 -0.001229716814123094 0.015012850053608418
v 0.003439120016992092 -0.0020005328115075827 0.0132374232634902
v 0.00418600020930171 0.00459946459159255 0.013474597595632076
v 0.00418600020930171 0.00459946459159255 0.013474597595632076
v 0.00022946301032789052 -0.001229716814123094 0.015012850053608418
v 0.00022946301032789052 -0.001229716814123094 0.015012850053608418
v -0.00454199081286788 0.0019376272102817893 0.018943961709737778
v -0.003116759005934 0.002450020518153906 0.019217366352677345
v -0.003838283009827137 0.0033420040272176266 0.018656667321920395
v -0.003116759005934 0.002450020518153906 0.019217366352677345
v -0.0063826958648860455 0.0028036697767674923 0.016687802970409393
v -0.006386199034750462 0.0013697327813133597 0.015593594871461391
v -0.006386199034750462 0.0013697327813133597 0.015593594871461391
v -0.003838283009827137 0.0033420040272176266 0.018656667321920395
v -0.00468237791210413 0.003615558845922351 0.017620854079723358
v -0.00454199081286788 0.0019376272102817893 0.018943961709737778
v -0.006386199034750462 0.0013697327813133597 0.015593594871461391
v -0.0007798837032169104 0.0030570353846997023 0.008874773979187012
v 0.00031186765409074724 -0.0023358664475381374 0.010917472653090954
v 0.00048614179831929505 -0.0021887102629989386 0.01263829693198204
v 0.00031186765409074724 -0.0023358664475381374 0.010917472653090954
v -0.0012511687818914652 -0.002514231251552701 0.011544479988515377
v -0.0038377034943550825 -0.0017290004761889577 0.011874403804540634
v 0.0003410453209653497 -0.0016430903924629092 0.013583492487668991
v -1.5436075045727193e-05 -0.0021055738907307386 0.01248257141560316
v -0.0005340122734196484 -0.0023342082276940346 0.01197334285825491
v -0.0012511687818914652 -0.002514231251552701 0.011544479988515377
v -0.000947863794863224 -0.003557621967047453 0.011965150944888592
v -0.0025107907131314278 -0.0023589488118886948 0.011392669752240181
v -0.0012511687818914652 -0.002514231251552701 0.011544479988515377
v -0.000947863794863224 -0.003557621967047453 0.011965150944888592
v -0.0020386807154864073 -0.0037956801243126392 0.011688675731420517
v -0.0020386807154864073 -0.0037956801243126392 0.011688675731420517
v -0.0038377034943550825 -0.0017290004761889577 0.011874403804540634
v -0.0034394054673612118 -0.003194433404132724 0.011780872009694576
v 0.00048614179831929505 -0.0021887102629989386 0.01263829693198204
v 0.0003410453209653497 -0.0016430903924629092 0.013583492487668991
v -0.000947863794863224 -0.003557621967047453 0.011965150944888592
v -0.0020386807154864073 -0.0037956801243126392 0.011688675731420517
v -0.000947863794863224 -0.003557621967047453 0.011965150944888592
v -0.000947863794863224 -0.003557621967047453 0.011965150944888592
v -0.0034394054673612118 -0.003194433404132724 0.011780872009694576
v -0.0020386807154864073 -0.0037956801243126392 0.011688675731420517
v -0.0038377034943550825 -0.0017290004761889577 0.011874403804540634
v -0.0034394054673612118 -0.003194433404132724 0.011780872009694576
v -0.0038377034943550825 -0.0017290004761889577 0.011874403804540634
v -0.0012300240341573954 0.0038226440083235502 0.012042608112096786
v -0.001074481289833784 0.00335236475802958 0.010448722168803215
v 0.0003410453209653497 -0.0016430903924629092 0.013583492487668991
v 0.00022946301032789052 -0.001229716814123094 0.015012850053608418
v -0.0013604334089905024 0.004297535866498947 0.013439612463116646
v 0.00022946301032789052 -0.001229716814123094 0.015012850053608418
v 0.00022946301032789052 -0.001229716814123094 0.015012850053608418
v -6.0896298236912116e-05 0.0028647761791944504 0.003634026041254401
v -0.00041463159141130745 0.0025697338860481977 0.005960647948086262
v 0.003444154979661107 -0.0008532537613064051 0.006420698016881943
v 0.004233766812831163 -0.0006915746489539742 0.011783075518906116
v -0.0034394054673612118 -0.003194433404132724 0.011780872009694576
v 0.002427848055958748 -0.003640896873548627 0.010766682215034962
v 0.002427848055958748 -0.003640896873548627 0.010766682215034962
v 0.0008313380531035364 -0.004818737972527742 0.011332692578434944
v 0.0006610432756133378 -0.004542929120361805 0.011937608011066914
v 0.0024434770457446575 -0.0032719161827117205 0.011407465673983097
v 0.0006610432756133378 -0.004542929120361805 0.011937608011066914
v 0.0013372686225920916 -0.005856159143149853 0.01137793529778719
v 0.00339139299467206 -0.004758987110108137 0.011648845858871937
v 0.00137593992985785 -0.005898468196392059 0.011954326182603836
v 0.003339404007419944 -0.0048318542540073395 0.010962257161736488
v 0.008072279393672943 -0.0017330753616988659 0.010171827860176563
v 0.006287052296102047 -0.0008683705236762762 0.009224648587405682
v 0.005296050105243921 -0.0012888878118246794 0.009475640952587128
v 0.0038326953072100878 -0.0020936131477355957 0.010848808102309704
v 0.0038498779758810997 -0.0024097394198179245 0.010065870359539986
v 0.005895144306123257 -0.0006281195674091578 0.010147218592464924
v 0.005676245782524347 -0.0011991517385467887 0.011198896914720535
v 0.0038326953072100878 -0.0020936131477355957 0.010848808102309704
v 0.006636658683419228 -0.0007289275527000427 0.011753372848033905
v 0.005676245782524347 -0.0011991517385467887 0.011198896914720535
v 0.006169723346829414 -0.0017402295488864183 0.01142908539623022
v 0.006636658683419228 -0.0007289275527000427 0.011753372848033905
v 0.006169723346829414 -0.0017402295488864183 0.01142908539623022
v 0.005117165856063366 -0.0037249906454235315 0.011264733970165253
v 0.00678968196734786 -0.0026585396844893694 0.010983366519212723
v 0.008072279393672943 -0.0017330753616988659 0.010171827860176563
v 0.008072279393672943 -0.0017330753616988659 0.010171827860176563
v 0.005106133874505758 -0.0038458025082945824 0.010418152436614037
v 0.005117165856063366 -0.0037249906454235315 0.011264733970165253
v 0.005117165856063366 -0.0037249906454235315 0.011264733970165253
v 0.005117165856063366 -0.0037249906454235315 0.011264733970165253
v 0.007027716375887394 -0.0013875090517103672 0.008974986150860786
v 0.005106133874505758 -0.0038458025082945824 0.010418152436614037
v 0.006287052296102047 -0.0008683705236762762 0.009224648587405682
v 0.005895144306123257 -0.0006281195674091578 0.010147218592464924
v 0.005895144306123257 -0.0006281195674091578 0.010147218592464924
v 0.006287052296102047 -0.0008683705236762762 0.009224648587405682
v 0.005895144306123257 -0.0006281195674091578 0.010147218592464924
v 0.006287052296102047 -0.0008683705236762762 0.009224648587405682
v 0.007194879464805126 -0.000753172324039042 0.00909962598234415
v 0.007027716375887394 -0.0013875090517103672 0.008974986150860786
v 0.008367693051695824 -0.00086127471877262 0.010140652768313885
v 0.006636658683419228 -0.0007289275527000427 0.011753372848033905
v 0.007194879464805126 -0.000753172324039042 0.00909962598234415
v 0.0034646885469555855 0.0028055813163518906 0.016004880890250206
v 0.005427813623100519 0.0018386925803497434 0.014986099675297737
v 0.006318391300737858 0.002758700866252184 0.014429311268031597
v 0.00418600020930171 0.00459946459159255 0.013474597595632076
v 0.0034646885469555855 0.0028055813163518906 0.016004880890250206
v 0.003889551153406501 0.002382714068517089 0.014358758926391602
v 0.005491545889526606 0.003509105183184147 0.016882095485925674
v 0.004768699407577515 0.004560241475701332 0.01779806613922119
v 0.004048019647598267 0.0038466346450150013 0.017858266830444336
v 0.00418600020930171 0.00459946459159255 0.013474597595632076
v 0.00400638347491622 0.00575855141505599 0.014949101954698563
v 0.005491545889526606 0.003509105183184147 0.016882095485925674
v 0.006029373500496149 0.0040344363078475 0.014488778077065945
v 0.005482648033648729 0.005050526931881905 0.015361561439931393
v 0.005427813623100519 0.0018386925803497434 0.014986099675297737
v 0.004897844512015581 0.005584189668297768 0.017318395897746086
v 0.0045686159282922745 0.005935217719525099 0.015864195302128792
v 0.004897844512015581 0.005584189668297768 0.017318395897746086
v 0.004897844512015581 0.005584189668297768 0.017318395897746086
v 0.003889551153406501 0.002382714068517089 0.014358758926391602
v 0.00418600020930171 0.00459946459159255 0.013474597595632076
v 0.004891440272331238 0.0005668747471645474 0.012252268381416798
v 0.00418600020930171 0.00459946459159255 0.013474597595632076
v 0.004891440272331238 0.0005668747471645474 0.012252268381416798
v 0.006318391300737858 0.002758700866252184 0.014429311268031597
v 0.007271604146808386 0.001947492128238082 0.012286944314837456
v 0.00657825730741024 0.0023893665056675673 0.011881489306688309
v 0.00824518408626318 8.838750363793224e-05 0.010567345656454563
v 0.007271604146808386 0.001947492128238082 0.012286944314837456
v 0.007271604146808386 0.001947492128238082 0.012286944314837456
v 0.00657825730741024 0.0023893665056675673 0.011881489306688309
v 0.00418600020930171 0.00459946459159255 0.013474597595632076
v 0.005895144306123257 -0.0006281195674091578 0.010147218592464924
v 0.005895144306123257 -0.0006281195674091578 0.010147218592464924
v 0.007194879464805126 -0.000753172324039042 0.00909962598234415
v 0.005895144306123257 -0.0006281195674091578 0.010147218592464924
v 0.006636658683419228 -0.0007289275527000427 0.011753372848033905
v 0.007194879464805126 -0.000753172324039042 0.00909962598234415
v 0.006636658683419228 -0.0007289275527000427 0.011753372848033905
v 0.006636658683419228 -0.0007289275527000427 0.011753372848033905
v 0.005895144306123257 -0.0006281195674091578 0.010147218592464924
v 0.006636658683419228 -0.0007289275527000427 0.011753372848033905
v 0.004891440272331238 0.0005668747471645474 0.012252268381416798
v 0.004048019647598267 0.0038466346450150013 0.017858266830444336
v 0.005117165856063366 -0.0037249906454235315 0.011264733970165253
v 0.0013372686225920916 -0.005856159143149853 0.01137793529778719
v 0.00137593992985785 -0.005898468196392059 0.011954326182603836
v 0.0013372686225920916 -0.005856159143149853 0.01137793529778719
v -0.0009867667686194181 -0.00727127306163311 0.012364907190203667
v -0.0009867667686194181 -0.00727127306163311 0.012364907190203667
v 0.00137593992985785 -0.005898468196392059 0.011954326182603836
v 0.0010740127181634307 -0.005365204531699419 0.012297515757381916
v 0.00137593992985785 -0.005898468196392059 0.011954326182603836
v 0.0008422989048995078 -0.004937499761581421 0.012265262193977833
v 0.0006610432756133378 -0.004542929120361805 0.011937608011066914
v 0.0006610432756133378 -0.004542929120361805 0.011937608011066914
v -0.0020817704498767853 -0.005245760548859835 0.012532472610473633
v 0.0008422989048995078 -0.004937499761581421 0.012265262193977833
v 0.0008422989048995078 -0.004937499761581421 0.012265262193977833
v -0.0020817704498767853 -0.005245760548859835 0.012532472610473633
v 0.0010980673832818866 -0.005380240734666586 0.011219344101846218
v -0.00024268873676192015 -0.00532718189060688 0.010895504616200924
v 0.0008313380531035364 -0.004818737972527742 0.011332692578434944
v 0.0010980673832818866 -0.005380240734666586 0.011219344101846218
v -0.0003620665811467916 -0.005743598099797964 0.011329426430165768
v -0.0023722404148429632 -0.005303108133375645 0.012086200527846813
v 0.0013372686225920916 -0.005856159143149853 0.01137793529778719
v 0.0013372686225920916 -0.005856159143149853 0.01137793529778719
v -0.0011674911947920918 -0.007421398069709539 0.011937999166548252
v 0.0013372686225920916 -0.005856159143149853 0.01137793529778719
v -0.0017786561511456966 -0.006469700951129198 0.01226817537099123
v 0.0010980673832818866 -0.005380240734666586 0.011219344101846218
v 0.0013372686225920916 -0.005856159143149853 0.01137793529778719
v -0.0023722404148429632 -0.005303108133375645 0.012086200527846813
v -0.003176610916852951 -0.005653116386383772 0.012114043347537518
v -0.0030790839809924364 -0.005674520041793585 0.01250316109508276
v -0.003630107268691063 -0.005969515535980463 0.012307900935411453
v -0.003715054364874959 -0.00594692025333643 0.011987142264842987
v -0.004126210231333971 -0.0062372079119086266 0.012097739614546299
v -0.0041481987573206425 -0.006718835793435574 0.012030710466206074
v -0.004126210231333971 -0.0062372079119086266 0.012097739614546299
v -0.004068560432642698 -0.006198945455253124 0.011954073794186115
v -0.004126210231333971 -0.0062372079119086266 0.012097739614546299
v -0.004068560432642698 -0.006198945455253124 0.011954073794186115
v -0.003715054364874959 -0.00594692025333643 0.011987142264842987
v -0.004075269214808941 -0.006670439150184393 0.011923927813768387
v -0.004075269214808941 -0.006670439150184393 0.011923927813768387
v -0.0029094028286635876 -0.0061723762191832066 0.012559466063976288
v -0.002976049901917577 -0.006197379902005196 0.01219965424388647
v -0.0035231299698352814 -0.006441695149987936 0.012329239398241043
v -0.0035862692166119814 -0.006456543225795031 0.012040399946272373
v -0.0041481987573206425 -0.006718835793435574 0.012030710466206074
v -0.004075269214808941 -0.006670439150184393 0.011923927813768387
v -0.0041481987573206425 -0.006718835793435574 0.012030710466206074
v -0.003966784104704857 -0.007315407041460276 0.011957058683037758
v -0.004075269214808941 -0.006670439150184393 0.011923927813768387
v -0.003878740593791008 -0.0072606089524924755 0.011845411732792854
v -0.0009867667686194181 -0.00727127306163311 0.012364907190203667
v -0.0011674911947920918 -0.007421398069709539 0.011937999166548252
v -0.0017691872781142592 -0.007662688381969929 0.012249440886080265
v -0.0011674911947920918 -0.007421398069709539 0.011937999166548252
v -0.0017691872781142592 -0.007662688381969929 0.012249440886080265
v -0.001814896473661065 -0.007687577046453953 0.01194929052144289
v -0.0017691872781142592 -0.007662688381969929 0.012249440886080265
v -0.0023280929308384657 -0.007798828184604645 0.01171751506626606
v -0.002438426949083805 -0.007839344441890717 0.01195880863815546
v -0.002438426949083805 -0.007839344441890717 0.01195880863815546
v -0.0032333065755665302 -0.0076674907468259335 0.011843357235193253
v -0.002745184348896146 -0.00783894769847393 0.011785139329731464
v -0.0032333065755665302 -0.0076674907468259335 0.011843357235193253
v -0.00269522937014699 -0.007830124348402023 0.011691083200275898
v -0.002438426949083805 -0.007839344441890717 0.01195880863815546
v -0.002745184348896146 -0.00783894769847393 0.011785139329731464
v -0.00269522937014699 -0.007830124348402023 0.011691083200275898
v -0.003148243995383382 -0.007629682309925556 0.011716417968273163
v -0.00269522937014699 -0.007830124348402023 0.011691083200275898
v -0.0021321172825992107 -0.0073686521500349045 0.012382516637444496
v -0.0026383118238300085 -0.006838962435722351 0.012579063884913921
v -0.002707151463255286 -0.006844853516668081 0.012241368182003498
v -0.0017786561511456966 -0.006469700951129198 0.01226817537099123
v -0.0021901503205299377 -0.007365649566054344 0.01209317147731781
v -0.0033245610538870096 -0.007079700473695993 0.012319864705204964
v -0.0028346532490104437 -0.007564406376332045 0.012066674418747425
v -0.0033775027841329575 -0.007079744245857 0.012043447233736515
v -0.002822153503075242 -0.007554801646620035 0.011860279366374016
v -0.003966784104704857 -0.007315407041460276 0.011957058683037758
v -0.003878740593791008 -0.0072606089524924755 0.011845411732792854
v -0.0032333065755665302 -0.0076674907468259335 0.011843357235193253
v -0.0032333065755665302 -0.0076674907468259335 0.011843357235193253
v -0.003966784104704857 -0.007315407041460276 0.011957058683037758
v -0.003878740593791008 -0.0072606089524924755 0.011845411732792854
v -0.003148243995383382 -0.007629682309925556 0.011716417968273163
v -0.003148243995383382 -0.007629682309925556 0.011716417968273163
v -0.0023722404148429632 -0.005303108133375645 0.012086200527846813
v 0.0006610432756133378 -0.004542929120361805 0.011937608011066914
v 0.0008313380531035364 -0.004818737972527742 0.011332692578434944
v 0.0008313380531035364 -0.004818737972527742 0.011332692578434944
v -0.0014164193999022245 -0.005345175042748451 0.011398696340620518
v -0.0023722404148429632 -0.005303108133375645 0.012086200527846813
v -0.0013982240343466401 -0.004904847126454115 0.01139877736568451
v -0.0014164193999022245 -0.005345175042748451 0.011398696340620518
v -0.0003620665811467916 -0.005743598099797964 0.011329426430165768
v -0.0014164193999022245 -0.005345175042748451 0.011398696340620518
v -0.0012172149727120996 -0.005380547139793634 0.011004853062331676
v -0.00024268873676192015 -0.00532718189060688 0.010895504616200924
v -0.0012172149727120996 -0.005380547139793634 0.011004853062331676
v -0.001320150913670659 -0.005041349213570356 0.010885114781558514
v -0.001320150913670659 -0.005041349213570356 0.010885114781558514
v 0.0008313380531035364 -0.004818737972527742 0.011332692578434944
v -0.0014164193999022245 -0.005345175042748451 0.011398696340620518
v -0.0013982240343466401 -0.004904847126454115 0.01139877736568451
v -0.0013982240343466401 -0.004904847126454115 0.01139877736568451
v -0.0020690110977739096 -0.00531993992626667 0.011101474054157734
v -0.0019777286797761917 -0.005592797417193651 0.011178727261722088
v -0.0012172149727120996 -0.005380547139793634 0.011004853062331676
v -0.0014164193999022245 -0.005345175042748451 0.011398696340620518
v -0.0018344306154176593 -0.005695835687220097 0.010775422677397728
v -0.001320150913670659 -0.005041349213570356 0.010885114781558514
v -0.001320150913670659 -0.005041349213570356 0.010885114781558514
v -0.0018344306154176593 -0.005695835687220097 0.010775422677397728
v -0.0019465262303128839 -0.0054493253119289875 0.01065153069794178
v -0.00274016079492867 -0.005631170701235533 0.01050336379557848
v -0.00284319999627769 -0.00554903456941247 0.010731467977166176
v -0.0027625667862594128 -0.00576898455619812 0.010829834267497063
v -0.00284319999627769 -0.00554903456941247 0.010731467977166176
v -0.00274016079492867 -0.005631170701235533 0.01050336379557848
v -0.0026828167028725147 -0.005831485148519278 0.010669535957276821
v -0.00274016079492867 -0.005631170701235533 0.01050336379557848
v -0.0021931170485913754 -0.005822756793349981 0.01066322810947895
v -0.0023484420962631702 -0.005716214422136545 0.011034493334591389
v -0.0026828167028725147 -0.005831485148519278 0.010669535957276821
v -0.0021931170485913754 -0.005822756793349981 0.01066322810947895
v -0.0027625667862594128 -0.00576898455619812 0.010829834267497063
v -0.00284319999627769 -0.00554903456941247 0.010731467977166176
v 0.0034646885469555855 0.0028055813163518906 0.016004880890250206
v 0.004048019647598267 0.0038466346450150013 0.017858266830444336
v 0.00321784196421504 0.0030646976083517075 0.01776571199297905
v -0.0053261867724359035 -0.00042864939314313233 0.017630042508244514
v -0.00454199081286788 0.0019376272102817893 0.018943961709737778
v -0.00454199081286788 0.0019376272102817893 0.018943961709737778
v -0.005838674958795309 0.0020150498021394014 0.018504390493035316
v -0.00468237791210413 0.003615558845922351 0.017620854079723358
v -0.0063826958648860455 0.0028036697767674923 0.016687802970409393
v -0.00597316212952137 -8.770244312472641e-05 0.016801733523607254
v -0.00597316212952137 -8.770244312472641e-05 0.016801733523607254
v -0.015650779008865356 -0.004015171900391579 0.023680834099650383
v -0.01624283194541931 -0.004208918195217848 0.023550137877464294
v -0.015329243615269661 -0.0032059659715741873 0.02176968939602375
v -0.015650779008865356 -0.004015171900391579 0.023680834099650383
v -0.015329243615269661 -0.0032059659715741873 0.02176968939602375
v -0.01520491298288107 -0.0025180154480040073 0.02201106585562229
v -0.015451478771865368 -0.003500890452414751 0.024091733619570732
v -0.01696748286485672 -0.0037058210000395775 0.02388887293636799
v -0.01696968451142311 -0.0026997937820851803 0.021867113187909126
v -0.01680156961083412 -0.004163976758718491 0.0235754381865263
v -0.016821563243865967 -0.003291174303740263 0.021538862958550453
v -0.01680156961083412 -0.004163976758718491 0.0235754381865263
v -0.014544314704835415 -0.0019477095920592546 0.01813293807208538
v -0.014870989136397839 -0.0025973531883209944 0.019912637770175934
v -0.01481037586927414 -0.001837278832681477 0.02027573622763157
v -0.014666612260043621 -0.000595086021348834 0.01743166334927082
v -0.015120520256459713 -0.00041339246672578156 0.018793292343616486
v -0.01481037586927414 -0.001837278832681477 0.02027573622763157
v -0.014891965314745903 4.727380655822344e-05 0.01754916086792946
v -0.015895238146185875 0.00027247669640928507 0.01710338145494461
v -0.014891965314745903 4.727380655822344e-05 0.01754916086792946
v -0.015120520256459713 -0.00041339246672578156 0.018793292343616486
v -0.016911974176764488 -0.0018247895641252398 0.020016159862279892
v -0.016687538474798203 -0.00042278453474864364 0.016649551689624786
v -0.016827451065182686 -0.0008741245837882161 0.018254661932587624
v -0.016687538474798203 -0.00042278453474864364 0.016649551689624786
v -0.016911974176764488 -0.0018247895641252398 0.020016159862279892
v -0.016781896352767944 -0.0025488596875220537 0.019580019637942314
v -0.016911974176764488 -0.0018247895641252398 0.020016159862279892
v -0.016911974176764488 -0.0018247895641252398 0.020016159862279892
v -0.016781896352767944 -0.0025488596875220537 0.019580019637942314
v -0.014508742839097977 -0.0013712671352550387 0.0169594194740057
v -0.01564858853816986 -0.0016992988530546427 0.016502518206834793
v -0.014508742839097977 -0.0013712671352550387 0.0169594194740057
v -0.016043247655034065 1.2513541150838137e-05 0.016102222725749016
v -0.015309610404074192 -0.0014247687067836523 0.016029376536607742
v -0.01564858853816986 -0.0016992988530546427 0.016502518206834793
v -0.01008528470993042 0.0015426278114318848 0.01731209270656109
v -0.01008528470993042 0.0015426278114318848 0.01731209270656109
v -0.0078195221722126 0.002186013385653496 0.01814582385122776
v -0.00554310530424118 0.0009596085292287171 0.018737545236945152
v -0.005838674958795309 0.0020150498021394014 0.018504390493035316
v -0.006386199034750462 0.0013697327813133597 0.015593594871461391
v -0.006386199034750462 0.0013697327813133597 0.015593594871461391
v -0.009074145928025246 0.0015110083622857928 0.016130102798342705
v -0.007643987890332937 0.00172328797634691 0.01606886275112629
v -0.0059175025671720505 0.002705065533518791 0.017834125086665154
v -0.0063826958648860455 0.0028036697767674923 0.016687802970409393
v -0.0078195221722126 0.002186013385653496 0.01814582385122776
v -0.0063826958648860455 0.0028036697767674923 0.016687802970409393
v -0.0063826958648860455 0.0028036697767674923 0.016687802970409393
v -0.00597316212952137 -8.770244312472641e-05 0.016801733523607254
v -0.00597316212952137 -8.770244312472641e-05 0.016801733523607254
v -0.0053261867724359035 -0.00042864939314313233 0.017630042508244514
v -0.00597316212952137 -8.770244312472641e-05 0.016801733523607254
v -0.0063826958648860455 0.0028036697767674923 0.016687802970409393
v -0.006386199034750462 0.0013697327813133597 0.015593594871461391
v -0.006386199034750462 0.0013697327813133597 0.015593594871461391
v -0.0053261867724359035 -0.00042864939314313233 0.017630042508244514
v -0.012096281163394451 -0.0010899041080847383 0.017559824511408806
v -0.012300195172429085 0.00036702374927699566 0.018083153292536736
v -0.012299146503210068 0.0009473877726122737 0.015962028875947
v -0.012299146503210068 0.0009473877726122737 0.015962028875947
v -0.014965970069169998 0.0003488210204523057 0.01583222858607769
v -0.009074145928025246 0.0015110083622857928 0.016130102798342705
v -0.012299146503210068 0.0009473877726122737 0.015962028875947
v -0.014965970069169998 0.0003488210204523057 0.01583222858607769
v -0.014508742839097977 -0.0013712671352550387 0.0169594194740057
v -0.014508742839097977 -0.0013712671352550387 0.0169594194740057
v -0.015309610404074192 -0.0014247687067836523 0.016029376536607742
v -0.014891965314745903 4.727380655822344e-05 0.01754916086792946
v -0.014891965314745903 4.727380655822344e-05 0.01754916086792946
v -0.014965970069169998 0.0003488210204523057 0.01583222858607769
v -0.014965970069169998 0.0003488210204523057 0.01583222858607769
v -0.015309610404074192 -0.0014247687067836523 0.016029376536607742
v -0.015309610404074192 -0.0014247687067836523 0.016029376536607742
v -0.014891965314745903 4.727380655822344e-05 0.01754916086792946
v -0.014666612260043621 -0.000595086021348834 0.01743166334927082
v -0.012300195172429085 0.00036702374927699566 0.018083153292536736
v -0.014891965314745903 4.727380655822344e-05 0.01754916086792946
v -0.012096281163394451 -0.0010899041080847383 0.017559824511408806
v -0.012096281163394451 -0.0010899041080847383 0.017559824511408806
v -0.014666612260043621 -0.000595086021348834 0.01743166334927082
v -0.014508742839097977 -0.0013712671352550387 0.0169594194740057
v -0.016911974176764488 -0.0018247895641252398 0.020016159862279892
v -0.01696748286485672 -0.0037058210000395775 0.02388887293636799
v -0.01680156961083412 -0.004163976758718491 0.0235754381865263
v -0.01743881031870842 -0.00492603424936533 0.026234129443764687
v -0.01680156961083412 -0.004163976758718491 0.0235754381865263
v -0.01696748286485672 -0.0037058210000395775 0.02388887293636799
v -0.01743881031870842 -0.00492603424936533 0.026234129443764687
v -0.016431210562586784 -0.003354164306074381 0.02418534643948078
v -0.01696748286485672 -0.0037058210000395775 0.02388887293636799
v -0.015944454818964005 -0.003316448535770178 0.02423962950706482
v -0.015451478771865368 -0.003500890452414751 0.024091733619570732
v -0.015944454818964005 -0.003316448535770178 0.02423962950706482
v -0.0151990270242095 -0.004742067772895098 0.026762651279568672
v -0.015451478771865368 -0.003500890452414751 0.024091733619570732
v -0.0151990270242095 -0.004742067772895098 0.026762651279568672
v -0.015944454818964005 -0.003316448535770178 0.02423962950706482
v -0.01624283194541931 -0.004208918195217848 0.023550137877464294
v -0.01624283194541931 -0.004208918195217848 0.023550137877464294
v -0.015650779008865356 -0.004015171900391579 0.023680834099650383
v -0.01570129208266735 -0.005116570275276899 0.024380220100283623
v -0.01610281504690647 -0.004959903657436371 0.024816308170557022
v -0.015093483962118626 -0.00526656536385417 0.02673848159611225
v -0.01680156961083412 -0.004163976758718491 0.0235754381865263
v -0.01746007241308689 -0.005406412295997143 0.026155175641179085
v -0.01680156961083412 -0.004163976758718491 0.0235754381865263
v -0.016406722366809845 -0.0051696752198040485 0.026627067476511
v -0.01680156961083412 -0.004163976758718491 0.0235754381865263
v -0.01624283194541931 -0.004208918195217848 0.023550137877464294
v -0.015093483962118626 -0.00526656536385417 0.02673848159611225
v -0.015142676420509815 -0.005769580602645874 0.02745601162314415
v -0.01524690818041563 -0.005415061023086309 0.027613600715994835
v -0.01530409511178732 -0.005947490688413382 0.027990464121103287
v -0.015211999416351318 -0.006240581162273884 0.02786307781934738
v -0.01578402891755104 -0.006667116191238165 0.028388628736138344
v -0.015353080816566944 -0.006454900838434696 0.028309959918260574
v -0.015353080816566944 -0.006454900838434696 0.028309959918260574
v -0.015353080816566944 -0.006454900838434696 0.028309959918260574
v -0.015318941324949265 -0.006527820602059364 0.028172321617603302
v -0.015750572085380554 -0.006699569523334503 0.028258660808205605
v -0.015211999416351318 -0.006240581162273884 0.02786307781934738
v -0.015318941324949265 -0.006527820602059364 0.028172321617603302
v -0.015750572085380554 -0.006699569523334503 0.028258660808205605
v -0.015775518491864204 -0.005434221588075161 0.02761874534189701
v -0.015728916972875595 -0.005763510707765818 0.027464045211672783
v -0.015782542526721954 -0.006019288208335638 0.02801855467259884
v -0.015736931934952736 -0.00628703273832798 0.027900805696845055
v -0.015750572085380554 -0.006699569523334503 0.028258660808205605
v -0.01578402891755104 -0.006667116191238165 0.028388628736138344
v -0.016391536220908165 -0.006814026739448309 0.02832876704633236
v -0.01578402891755104 -0.006667116191238165 0.028388628736138344
v -0.016356756910681725 -0.006840547081083059 0.028182797133922577
v -0.015750572085380554 -0.006699569523334503 0.028258660808205605
v -0.01743881031870842 -0.00492603424936533 0.026234129443764687
v -0.01746007241308689 -0.005406412295997143 0.026155175641179085
v -0.017515497282147408 -0.005544605664908886 0.026858797296881676
v -0.017483800649642944 -0.005815382581204176 0.02672288380563259
v -0.017515497282147408 -0.005544605664908886 0.026858797296881676
v -0.01746007241308689 -0.005406412295997143 0.026155175641179085
v -0.017515497282147408 -0.005544605664908886 0.026858797296881676
v -0.017378756776452065 -0.006301067303866148 0.02701018750667572
v -0.017409345135092735 -0.006178362760692835 0.027246922254562378
v -0.017409345135092735 -0.006178362760692835 0.027246922254562378
v -0.016958605498075485 -0.006631108000874519 0.027763208374381065
v -0.016958605498075485 -0.006631108000874519 0.027763208374381065
v -0.01727987453341484 -0.006476232316344976 0.027383927255868912
v -0.01727987453341484 -0.006476232316344976 0.027383927255868912
v -0.017409345135092735 -0.006178362760692835 0.027246922254562378
v -0.017276840284466743 -0.0065225837752223015 0.027287691831588745
v -0.017276840284466743 -0.0065225837752223015 0.027287691831588745
v -0.01693658158183098 -0.006676570046693087 0.027614125981926918
v -0.017276840284466743 -0.0065225837752223015 0.027287691831588745
v -0.017133593559265137 -0.005537197459489107 0.027158765122294426
v -0.016491297632455826 -0.0054815602488815784 0.02755850739777088
v -0.017073115333914757 -0.0057972329668700695 0.02703298069536686
v -0.016406722366809845 -0.0051696752198040485 0.026627067476511
v -0.016429053619503975 -0.005788495298475027 0.027414539828896523
v -0.017030339688062668 -0.0062142121605575085 0.02756202593445778
v -0.01644282601773739 -0.006118686869740486 0.02799186110496521
v -0.01638862118124962 -0.0063666957430541515 0.027870358899235725
v -0.01699899323284626 -0.006369397509843111 0.027428679168224335
v -0.016958605498075485 -0.006631108000874519 0.027763208374381065
v -0.016356756910681725 -0.006840547081083059 0.028182797133922577
v -0.016391536220908165 -0.006814026739448309 0.02832876704633236
v -0.016958605498075485 -0.006631108000874519 0.027763208374381065
v -0.016391536220908165 -0.006814026739448309 0.02832876704633236
v -0.016356756910681725 -0.006840547081083059 0.028182797133922577
v -0.01693658158183098 -0.006676570046693087 0.027614125981926918
v -0.01693658158183098 -0.006676570046693087 0.027614125981926918
v -0.015093483962118626 -0.00526656536385417 0.02673848159611225
v -0.015650779008865356 -0.004015171900391579 0.023680834099650383
v -0.015451478771865368 -0.003500890452414751 0.024091733619570732
v -0.015650779008865356 -0.004015171900391579 0.023680834099650383
v -0.014972870238125324 -0.005186690483242273 0.02548990584909916
v -0.015093483962118626 -0.00526656536385417 0.02673848159611225
v -0.015375467948615551 -0.005330901592969894 0.025596389546990395
v -0.015375467948615551 -0.005330901592969894 0.025596389546990395
v -0.015375467948615551 -0.005330901592969894 0.025596389546990395
v -0.01610281504690647 -0.004959903657436371 0.024816308170557022
v -0.015426444821059704 -0.00555229838937521 0.025216344743967056
v -0.015060143545269966 -0.005597557872533798 0.025155019015073776
v -0.015426444821059704 -0.00555229838937521 0.025216344743967056
v -0.01570129208266735 -0.005116570275276899 0.024380220100283623
v -0.015650779008865356 -0.004015171900391579 0.023680834099650383
v -0.015060143545269966 -0.005597557872533798 0.025155019015073776
v -0.015375467948615551 -0.005330901592969894 0.025596389546990395
v -0.014972870238125324 -0.005186690483242273 0.02548990584909916
v -0.014972870238125324 -0.005186690483242273 0.02548990584909916
v -0.015086750499904156 -0.005899504292756319 0.025925301015377045
v -0.015426444821059704 -0.00555229838937521 0.025216344743967056
v -0.015381886623799801 -0.005873895715922117 0.025956787168979645
v -0.015375467948615551 -0.005330901592969894 0.025596389546990395
v -0.015060143545269966 -0.005597557872533798 0.025155019015073776
v -0.015475056134164333 -0.006152600049972534 0.025628991425037384
v -0.015191108919680119 -0.006234291009604931 0.02559179812669754
v -0.015475056134164333 -0.006152600049972534 0.025628991425037384
v -0.015060143545269966 -0.005597557872533798 0.025155019015073776
v -0.015065032988786697 -0.006820669397711754 0.026162007823586464
v -0.015227577649056911 -0.0066140759736299515 0.02640070766210556
v -0.014982538297772408 -0.006667172070592642 0.026359567418694496
v -0.015065032988786697 -0.006820669397711754 0.026162007823586464
v -0.014982538297772408 -0.006667172070592642 0.026359567418694496
v -0.015453755855560303 -0.006467375438660383 0.02586943656206131
v -0.015065032988786697 -0.006820669397711754 0.026162007823586464
v -0.015292542055249214 -0.006719588302075863 0.026257148012518883
v -0.015453755855560303 -0.006467375438660383 0.02586943656206131
v -0.015292542055249214 -0.006719588302075863 0.026257148012518883
v -0.015348996967077255 -0.006219411734491587 0.02618701010942459
v -0.015227577649056911 -0.0066140759736299515 0.02640070766210556
v -0.014982538297772408 -0.006667172070592642 0.026359567418694496
v -0.005432750564068556 0.00026560056721791625 0.018344935029745102
v -0.0053261867724359035 -0.00042864939314313233 0.017630042508244514
v 0.0004037852049805224 -0.0033311389852315187 0.004662213381379843
v 0.002126171486452222 -0.0026611017528921366 0.004789297468960285
v 0.003478440223261714 -0.001652488368563354 0.00467884074896574
v 0.004343078006058931 -0.001250740373507142 0.00489665474742651
v 0.004343078006058931 -0.001250740373507142 0.00489665474742651
v 0.004510647617280483 0.0005254426505416632 0.005166597198694944
v 0.005680311005562544 -0.0007950584404170513 0.002276489743962884
v 0.003935417626053095 0.001989215612411499 0.004680628888309002
v 0.0028810580261051655 0.003099398920312524 0.004278089851140976
v 0.001307643367908895 0.003189738607034087 0.004073443356901407
v -6.0896298236912116e-05 0.0028647761791944504 0.003634026041254401
v -0.0014213089598342776 -0.0030227932147681713 0.00416826456785202
v -0.0029164582956582308 -0.0023750129621475935 0.003815674688667059
v -0.00387664046138525 -0.0021786773577332497 0.0038762425538152456
v -0.0036552988458424807 -0.002828227588906884 0.0008620786247774959
v -0.0029164582956582308 -0.0023750129621475935 0.003815674688667059
v -0.004467181861400604 -0.0004888481344096363 0.004080955870449543
v -0.003987378906458616 0.001473308657296002 0.004028746858239174
v -0.0030419775284826756 0.002714279806241393 0.003711879253387451
v -0.0014793926384299994 0.0029948237352073193 0.003642203751951456
v -6.0896298236912116e-05 0.0028647761791944504 0.003634026041254401
v -0.0021682095248252153 0.0052922735922038555 0.000613360374700278
v -0.0014793926384299994 0.0029948237352073193 0.003642203751951456
v -0.00013435537402983755 0.005105810239911079 0.0005799269420094788
v 0.006568138487637043 -0.00134318508207798 -0.002972307149320841
v -0.004210846498608589 -0.0034063521306961775 -0.0047072554007172585
v -0.002547780517488718 0.006447907537221909 -0.005025589372962713
v -0.0002088822511723265 0.006209254264831543 -0.005141611211001873
v 0.009757914580404758 -0.002264212816953659 -0.011128053069114685
v -0.007024671882390976 -0.005096076522022486 -0.013509410433471203
v -0.003931433893740177 0.008145008236169815 -0.012565968558192253
v -0.00035846501123160124 0.00873384065926075 -0.012725219130516052
v -0.015211999416351318 -0.006240581162273884 0.02786307781934738
v -0.016149286180734634 -0.0025042404886335135 0.023977769538760185
v -0.01691579259932041 -0.002819039858877659 0.023830976337194443
v -0.016149286180734634 -0.0025042404886335135 0.023977769538760185
v -0.01691579259932041 -0.002819039858877659 0.023830976337194443
v -0.01691579259932041 -0.002819039858877659 0.023830976337194443
v -0.017233287915587425 -0.0035790326073765755 0.023476580157876015
v -0.01694430783390999 -0.003334290347993374 0.022951731458306313
v -0.017233287915587425 -0.0035790326073765755 0.023476580157876015
v -0.017233287915587425 -0.0035790326073765755 0.023476580157876015
v -0.01691579259932041 -0.004339025821536779 0.023122195154428482
v -0.01694430783390999 -0.0038237753324210644 0.024001436308026314
v -0.016149286180734634 -0.0046538254246115685 0.022975396364927292
v -0.01691579259932041 -0.004339025821536779 0.023122195154428482
v -0.01691579259932041 -0.004339025821536779 0.023122195154428482
v -0.016149286180734634 -0.0046538254246115685 0.022975396364927292
v -0.016149286180734634 -0.00379433436319232 0.022641940042376518
v -0.016149286180734634 -0.0046538254246115685 0.022975396364927292
v -0.016149286180734634 -0.0046538254246115685 0.022975396364927292
v -0.015382780693471432 -0.004339025821536779 0.023122195154428482
v -0.016149286180734634 -0.0046538254246115685 0.022975396364927292
v -0.016149286180734634 -0.0043365852907299995 0.023762306198477745
v -0.015065285377204418 -0.0035790326073765755 0.023476580157876015
v -0.015065285377204418 -0.0035790326073765755 0.023476580157876015
v -0.015354265458881855 -0.003334290347993374 0.022951731458306313
v -0.015382780693471432 -0.002819039858877659 0.023830976337194443
v -0.015065285377204418 -0.0035790326073765755 0.023476580157876015
v -0.015065285377204418 -0.0035790326073765755 0.023476580157876015
v -0.015382780693471432 -0.002819039858877659 0.023830976337194443
v -0.015065285377204418 -0.0035790326073765755 0.023476580157876015
v -0.015514814294874668 -0.0038237753324210644 0.024001436308026314
v -0.016149286180734634 -0.0027649637777358294 0.02309965156018734
v -0.016149286180734634 -0.0025042404886335135 0.023977769538760185
v -0.016149286180734634 -0.0025042404886335135 0.023977769538760185
v -0.015382780693471432 -0.002819039858877659 0.023830976337194443
v -0.016149286180734634 -0.0025042404886335135 0.023977769538760185
v -0.016149286180734634 -0.003360743634402752 0.024217352271080017
v 0.0017132831271737814 -0.004843788221478462 0.01274805050343275
v 0.0013619076926261187 -0.004161891993135214 0.012402033433318138
v 0.0017132831271737814 -0.004843788221478462 0.01274805050343275
v 0.0013619076926261187 -0.004161891993135214 0.012402033433318138
v 0.0013619076926261187 -0.004161891993135214 0.012402033433318138
v 0.0011614903341978788 -0.0039050295017659664 0.011566662229597569
v 0.0018064732430502772 -0.003923123702406883 0.011516189202666283
v 0.0018064732430502772 -0.003923123702406883 0.011516189202666283
v 0.0012294325279071927 -0.004223666153848171 0.010731291957199574
v 0.0011614903341978788 -0.0039050295017659664 0.011566662229597569
v 0.0011614903341978788 -0.0039050295017659664 0.011566662229597569
v 0.0012294325279071927 -0.004223666153848171 0.010731291957199574
v 0.0007607641164213419 -0.004410746041685343 0.011617136187851429
v 0.0023771931882947683 -0.0050668250769376755 0.0110159395262599
v 0.0015259350184351206 -0.004931149538606405 0.010385274887084961
v 0.0012294325279071927 -0.004223666153848171 0.010731291957199574
v 0.0015259350184351206 -0.004931149538606405 0.010385274887084961
v 0.0012294325279071927 -0.004223666153848171 0.010731291957199574
v 0.0021771474275738 -0.0046274843625724316 0.010962882079184055
v 0.0015259350184351206 -0.004931149538606405 0.010385274887084961
v 0.0015259350184351206 -0.004931149538606405 0.010385274887084961
v 0.001877310685813427 -0.005613046232610941 0.010731291957199574
v 0.0010520601645112038 -0.005152121186256409 0.011053466238081455
v 0.0020777282770723104 -0.005869908258318901 0.011566662229597569
v 0.0020777282770723104 -0.005869908258318901 0.011566662229597569
v 0.0024784542620182037 -0.005364192184060812 0.011516189202666283
v 0.002009785734117031 -0.005551271140575409 0.012402033433318138
v 0.0020777282770723104 -0.005869908258318901 0.011566662229597569
v 0.0020777282770723104 -0.005869908258318901 0.011566662229597569
v 0.002009785734117031 -0.005551271140575409 0.012402033433318138
v 0.0020777282770723104 -0.005869908258318901 0.011566662229597569
v 0.0013648943277075887 -0.00570630794391036 0.011617136187851429
v 0.002284357091411948 -0.004577491898089647 0.012083200737833977
v 0.0017132831271737814 -0.004843788221478462 0.01274805050343275
v 0.0017132831271737814 -0.004843788221478462 0.01274805050343275
v 0.002009785734117031 -0.005551271140575409 0.012402033433318138
v 0.0017132831271737814 -0.004843788221478462 0.01274805050343275
v 0.0011371105210855603 -0.005112461745738983 0.012126092799007893
v -0.002925195964053273 0.0012713880278170109 0.019256705418229103
v -0.0028220301028341055 0.0027961498126387596 0.01968303695321083
v -0.002925195964053273 0.0012713880278170109 0.019256705418229103
v -0.0027067249175161123 -3.795412339968607e-05 0.018501901999115944
v -0.0027067249175161123 -3.795412339968607e-05 0.018501901999115944
v -0.002925195964053273 0.0012713880278170109 0.019256705418229103
v -0.0027067249175161123 -3.795412339968607e-05 0.018501901999115944
v -0.0027067249175161123 -3.795412339968607e-05 0.018501901999115944
v -0.0019918419420719147 -0.0002137454430339858 0.017616162076592445
v -0.002063809661194682 -0.001042648684233427 0.017403801903128624
v -0.0027067249175161123 -3.795412339968607e-05 0.018501901999115944
v -0.0012506624916568398 -0.0016742253210395575 0.01607637293636799
v -0.0012506624916568398 -0.0016742253210395575 0.01607637293636799
v -0.00037804804742336273 -0.0016801455058157444 0.015560578554868698
v -0.00037804804742336273 -0.0016801455058157444 0.015560578554868698
v -0.0012506624916568398 -0.0016742253210395575 0.01607637293636799
v -0.00037804804742336273 -0.0016801455058157444 0.015560578554868698
v -0.000544405949767679 -0.0004459707997739315 0.015797734260559082
v -0.00037804810563102365 -0.0020065216813236475 0.014848718419671059
v 0.0006029628566466272 -0.0013076934264972806 0.015366115607321262
v -0.00037804804742336273 -0.0016801455058157444 0.015560578554868698
v 0.0006029628566466272 -0.0013076934264972806 0.015366115607321262
v 0.0006029628566466272 -0.0013076934264972806 0.015366115607321262
v 0.0013387108920142055 -0.0010426492663100362 0.015587935224175453
v 0.0006029628566466272 -0.0013076934264972806 0.015366115607321262
v 0.0019009162206202745 -0.00032484924304299057 0.015935802832245827
v 0.002510988852009177 0.000664459599647671 0.01665273681282997
v 0.002510988852009177 0.000664459599647671 0.01665273681282997
v 0.002510988852009177 0.000664459599647671 0.01665273681282997
v 0.00259416364133358 0.002382921986281872 0.01779998280107975
v 0.0033652435522526503 0.0011702232295647264 0.02618497796356678
v 0.0033929450437426567 0.0004444821388460696 0.025247830897569656
v 0.0033652435522526503 0.0011702232295647264 0.02618497796356678
v 0.004360890481621027 0.0010464326478540897 0.025553248822689056
v 0.0033652435522526503 0.0011702232295647264 0.02618497796356678
v 0.004364956635981798 0.0010489614214748144 0.026674598455429077
v 0.0033652435522526503 0.0011702232295647264 0.02618497796356678
v 0.0034778036642819643 0.0004972541355527937 0.02715459279716015
v 0.003025528509169817 0.00021599089086521417 0.02623751014471054
v 0.003025528509169817 0.00021599089086521417 0.02623751014471054
v 0.003025528509169817 0.00021599089086521417 0.02623751014471054
v 0.0033929450437426567 0.0004444821388460696 0.025247830897569656
v 0.0033929450437426567 0.0004444821388460696 0.025247830897569656
v 0.004360890481621027 0.0010464326478540897 0.025553248822689056
v 0.004360890481621027 0.0010464326478540897 0.025553248822689056
v 0.004364956635981798 0.0010489614214748144 0.026674598455429077
v 0.004364956635981798 0.0010489614214748144 0.026674598455429077
v 0.004364956635981798 0.0010489614214748144 0.026674598455429077
v 0.0034778036642819643 0.0004972541355527937 0.02715459279716015
v 0.0034778036642819643 0.0004972541355527937 0.02715459279716015
v 0.0034778036642819643 0.0004972541355527937 0.02715459279716015
g submesh_0
f 2 1 3
f 11 13 14
f 51 47 52
f 1062 11 15
f 1063 5 11
f 1062 1065 5
f 1094 1092 1093
f 1096 1095 11
f 131 130 129
f 128 132 1097
f 1100 1107 136
f 1110 1108 1109
f 1112 202 1111
f 203 202 1114
f 157 1117 1118
f 1123 75 193
f 183 188 1124
f 1126 194 1125
f 1128 1127 191
f 1131 1129 1130
f 1141 182 1140
f 143 1142 1143
f 242 188 143
f 144 237 1144
f 1151 1150 144
f 1149 233 1153
f 1156 1154 1155
f 143 144 1157
f 314 299 312
f 315 303 278
f 312 1159 1160
f 1164 312 1163
f 252 316 1166
f 1171 317 1159
f 253 1176 264
f 1182 1180 1181
f 1199 288 1198
f 418 416 404
f 419 1204 408
f 416 1205 1206
f 416 1207 1208
f 1211 1210 420
f 1217 1206 421
f 1223 264 1222
f 1228 1181 1227
f 387 451 401
f 1245 1244 393
f 1250 504 503
f 1252 505 1251
f 490 1254 1255
f 1258 1256 1257
f 513 1259 511
f 532 1260 533
f 1263 533 548
f 1268 1269 1270
f 549 556 1271
f 573 571 572
f 586 597 1285
f 1290 1288 1289
f 1295 1294 620
f 631 1301 1300
f 632 1303 1304
f 1304 1305 1306
f 1307 633 1303
f 1309 1308 1303
f 1311 620 1310
f 656 1313 1314
f 656 1316 1317
f 639 1318 1319
f 1335 665 1334
f 673 675 1344
f 687 688 689
f 1348 685 687
f 691 678 1351
f 1354 1352 1353
f 1367 1366 1345
f 1370 695 1369
f 1373 1371 1372
f 714 1396 1397
f 1412 721 1411
f 1419 1417 1418
f 1381 703 1420
f 1423 722 1422
f 724 1426 1427
f 1434 1432 1433
f 1440 1438 1439
f 1443 734 731
f 1445 734 1444
f 730 1446 1447
f 1441 1448 1449
f 1456 740 1455
f 1462 1460 1461
f 1479 1477 1478
f 1481 1479 1476
f 763 1484 764
f 1486 763 1485
f 1489 1487 1488
f 1510 1431 765
f 765 1511 1512
f 766 765 1513
f 1516 1514 1515
f 732 1517 730
f 1519 767 1518
f 1523 1521 1522
f 1438 1524 1525
f 1522 1533 1534
f 1540 777 1539
f 1545 1543 1544
f 1553 1551 1552
f 1557 780 1556
f 1562 788 785
f 792 1565 1566
f 1571 1569 1570
f 813 814 815
f 1595 1594 821
f 1598 823 1597
f 829 830 831
f 1610 1608 1609
f 1615 838 1614
f 843 1617 1618
f 1625 1624 850
f 1626 831 1600
f 851 1630 1631
f 1641 1639 1640
f 1645 1643 1644
f 852 1647 1648
f 1652 854 1651
f 1659 1657 1658
f 1665 1663 1664
f 864 1669 1670
f 1672 860 1671
f 1673 1666 1668
f 870 1679 1680
f 1686 1684 1685
f 1678 1687 869
f 1703 1701 1702
f 1701 1705 1700
f 1708 892 893
f 892 1709 1710
f 1713 1711 1712
f 1656 1734 894
f 1736 894 1735
f 894 895 1737
f 1740 1738 1739
f 1741 862 860
f 896 1742 1743
f 1747 1745 1746
f 1749 1665 1748
f 1758 1746 1757
f 906 1763 1764
f 1769 1767 1768
f 1691 866 1809
f 957 1812 960
f 963 1814 1815
f 971 967 970
f 1822 967 1821
f 1830 1829 972
f 977 973 976
f 1835 1833 1834
f 978 1836 1837
f 1839 1838 978
f 1841 979 1840
f 981 1848 984
f 987 1850 1851
f 1855 1853 1854
f 995 1859 994
f 993 1861 1862
f 990 1863 993
f 1001 997 1000
f 1873 1871 1872
f 1002 1874 1875
f 1877 1876 1002
f 1879 1003 1878
f 1012 1886 1011
f 1887 1010 1013
f 1889 1010 1888
f 1012 1891 1892
f 1021 1896 1020
f 1897 1019 1022
f 1899 1019 1898
f 1024 1906 1027
f 1036 1912 1035
f 1040 1038 1039
f 1041 1914 1915
f 1042 1916 1917
f 1043 1918 1919
f 1922 1920 1921
f 1045 1923 1044
f 1925 1924 1045
f 1051 1930 1050
f 1932 1931 1051
f 1053 1933 1052
f 1923 1934 1053
f 9 101 102
f 102 101 103
f 102 103 105
f 105 103 100
f 105 100 40
f 40 100 95
f 40 95 39
f 39 95 92
f 39 92 91
f 91 92 29
f 91 29 30
f 30 29 26
f 30 26 23
f 1056 1055 28
f 28 1055 32
f 28 32 139
f 139 32 33
f 139 33 152
f 152 33 34
f 152 34 154
f 154 34 94
f 154 94 204
f 204 94 165
f 204 165 160
f 160 165 163
f 160 163 159
f 159 163 164
f 159 164 158
f 158 164 213
f 158 213 215
f 215 213 214
f 215 214 173
f 173 214 220
f 173 220 175
f 175 220 168
f 175 168 169
f 169 168 170
f 169 170 223
f 223 170 234
f 223 234 187
f 187 234 240
f 187 240 241
f 241 240 238
f 241 238 1135
f 10 50 49
f 49 50 1077
f 1057 73 12
f 12 73 79
f 192 60 75
f 75 60 76
f 75 76 74
f 74 76 72
f 74 72 63
f 63 72 1059
f 63 1059 61
f 61 1059 1058
f 105 40 99
f 99 40 37
f 99 37 98
f 98 37 38
f 98 38 41
f 41 38 97
f 41 97 42
f 42 97 35
f 42 35 86
f 86 35 17
f 86 17 81
f 81 17 80
f 81 80 82
f 82 80 8
f 82 8 85
f 85 8 1061
f 1064 82 85
f 3 1060 84
f 84 1060 8
f 84 8 80
f 2 4 1066
f 1066 4 5
f 97 38 36
f 97 36 35
f 35 36 16
f 35 16 17
f 17 16 18
f 17 18 19
f 19 18 90
f 19 90 88
f 88 90 1067
f 88 1067 89
f 7 21 6
f 6 21 22
f 6 22 1068
f 1068 22 89
f 1072 109 1071
f 1071 109 1079
f 71 1085 124
f 124 1085 123
f 124 123 44
f 44 123 114
f 44 114 58
f 58 114 65
f 58 65 54
f 54 65 55
f 54 55 115
f 115 55 1074
f 115 1074 48
f 48 1074 1075
f 48 1075 1076
f 52 66 53
f 53 66 67
f 53 67 77
f 77 67 59
f 77 59 956
f 956 59 1084
f 956 1084 181
f 181 1084 1134
f 181 1134 243
f 243 1134 1152
f 243 1152 1136
f 1078 53 51
f 51 53 227
f 51 227 178
f 178 227 226
f 178 226 180
f 180 226 222
f 180 222 179
f 179 222 171
f 179 171 230
f 230 171 231
f 230 231 218
f 218 231 219
f 218 219 212
f 212 219 214
f 212 214 213
f 1080 1073 110
f 110 1073 102
f 110 102 111
f 111 102 104
f 111 104 112
f 112 104 107
f 112 107 113
f 113 107 108
f 113 108 46
f 46 108 45
f 46 45 43
f 43 45 68
f 43 68 69
f 69 68 125
f 69 125 70
f 70 125 73
f 70 73 62
f 1081 110 116
f 116 110 111
f 116 111 117
f 117 111 118
f 117 118 56
f 56 118 113
f 56 113 57
f 57 113 46
f 57 46 44
f 44 46 43
f 44 43 69
f 56 57 54
f 56 54 117
f 117 54 115
f 117 115 116
f 116 115 48
f 116 48 1082
f 1088 1087 127
f 127 1087 1086
f 127 1086 126
f 126 1086 125
f 126 125 120
f 120 125 68
f 120 68 41
f 41 68 45
f 41 45 98
f 98 45 108
f 98 108 99
f 99 108 107
f 99 107 105
f 105 107 104
f 105 104 102
f 1089 1088 82
f 82 1088 81
f 12 1090 13
f 13 1090 1091
f 144 134 1106
f 1106 134 140
f 1106 140 135
f 135 140 1098
f 135 1098 136
f 140 133 1098
f 130 1099 133
f 133 1099 1100
f 28 139 137
f 137 139 138
f 137 138 149
f 148 147 153
f 153 147 151
f 153 151 138
f 138 151 150
f 1102 51 178
f 182 189 184
f 184 189 190
f 184 190 191
f 195 1149 141
f 195 141 196
f 196 141 1103
f 196 1103 1105
f 169 223 172
f 172 223 224
f 172 224 174
f 174 224 225
f 174 225 167
f 167 225 232
f 167 232 200
f 200 232 199
f 200 199 201
f 201 199 195
f 201 195 146
f 146 195 196
f 146 196 198
f 198 196 1104
f 198 1104 128
f 1113 151 203
f 203 151 147
f 200 201 167
f 167 201 156
f 167 156 207
f 207 156 157
f 207 157 206
f 206 157 161
f 206 161 160
f 160 161 162
f 160 162 204
f 204 162 205
f 204 205 154
f 154 205 153
f 154 153 152
f 152 153 1115
f 146 1119 201
f 153 205 148
f 148 205 162
f 148 162 155
f 155 162 161
f 155 161 145
f 145 161 157
f 145 157 1120
f 1132 176 49
f 49 176 177
f 49 177 1101
f 1101 177 216
f 1101 216 142
f 142 216 210
f 142 210 209
f 209 210 211
f 209 211 164
f 164 211 212
f 164 212 213
f 1133 178 176
f 176 178 180
f 176 180 228
f 228 180 179
f 228 179 230
f 1136 238 239
f 239 238 235
f 239 235 236
f 236 235 222
f 236 222 226
f 1137 1138 241
f 241 1138 1139
f 241 1139 187
f 223 187 233
f 233 187 1145
f 233 1145 1146
f 1148 195 199
f 77 956 185
f 185 956 181
f 185 181 186
f 186 181 243
f 186 243 239
f 239 243 1135
f 27 25 26
f 26 25 6
f 26 6 1067
f 1158 313 312
f 312 313 1161
f 283 320 293
f 293 320 284
f 293 284 364
f 364 284 1190
f 364 1190 1191
f 1167 322 323
f 323 322 321
f 323 321 294
f 294 321 324
f 294 324 366
f 366 324 352
f 366 352 318
f 318 352 288
f 318 288 326
f 326 288 1168
f 1242 1243 458
f 458 1243 403
f 458 403 459
f 459 403 472
f 459 472 475
f 475 472 431
f 475 431 398
f 398 431 432
f 398 432 409
f 409 432 463
f 409 463 373
f 373 463 411
f 373 411 413
f 413 411 412
f 413 412 375
f 375 412 414
f 375 414 415
f 415 414 378
f 415 378 261
f 261 378 248
f 261 248 274
f 274 248 275
f 274 275 359
f 359 275 336
f 359 336 295
f 295 336 301
f 1203 466 381
f 381 466 446
f 381 446 445
f 445 446 250
f 445 250 262
f 262 250 340
f 262 340 276
f 276 340 338
f 276 338 336
f 336 338 337
f 336 337 1169
f 337 338 297
f 297 338 360
f 297 360 339
f 299 1170 313
f 313 1170 360
f 313 360 277
f 277 360 340
f 277 340 341
f 341 340 250
f 341 250 263
f 263 250 446
f 263 446 1218
f 1172 341 263
f 264 279 343
f 264 343 1175
f 1175 343 362
f 1175 362 1173
f 1173 362 326
f 1173 326 1160
f 450 1232 266
f 450 266 254
f 254 266 345
f 254 345 363
f 363 345 319
f 363 319 280
f 280 319 318
f 280 318 300
f 300 318 326
f 300 326 342
f 300 1178 344
f 344 1178 1179
f 344 1179 384
f 256 1187 267
f 267 1187 347
f 267 347 282
f 282 347 296
f 282 296 1184
f 452 1235 267
f 452 267 387
f 387 267 255
f 387 255 266
f 266 255 282
f 266 282 346
f 1185 345 266
f 366 318 330
f 330 318 296
f 330 296 293
f 293 296 347
f 293 347 1186
f 1189 1188 320
f 320 1188 257
f 320 257 258
f 258 257 424
f 258 424 453
f 453 424 389
f 453 389 1237
f 1237 389 469
f 1237 469 1213
f 1213 469 427
f 1213 427 1212
f 322 286 289
f 289 286 285
f 289 285 349
f 349 285 1192
f 349 1192 1193
f 1195 1194 353
f 353 1194 288
f 353 288 365
f 365 288 352
f 365 352 350
f 350 352 287
f 350 287 325
f 325 287 324
f 325 324 321
f 261 274 311
f 311 274 310
f 311 310 271
f 271 310 308
f 271 308 309
f 309 308 307
f 309 307 269
f 269 307 358
f 269 358 304
f 304 358 328
f 304 328 292
f 292 328 327
f 292 327 371
f 371 327 368
f 371 368 354
f 354 368 298
f 354 298 353
f 353 298 1196
f 353 1196 1197
f 297 1196 298
f 297 298 337
f 337 298 355
f 337 355 1200
f 466 421 251
f 251 421 259
f 251 259 317
f 317 259 316
f 317 316 1165
f 1165 316 1201
f 382 417 416
f 416 417 1202
f 469 389 399
f 399 389 424
f 399 424 388
f 426 427 425
f 425 427 400
f 425 400 428
f 428 400 471
f 428 471 457
f 457 471 422
f 457 422 393
f 393 422 430
f 393 430 1214
f 248 378 379
f 379 378 464
f 379 464 441
f 441 464 440
f 441 440 406
f 444 465 402
f 402 465 443
f 402 443 442
f 442 443 441
f 442 441 1215
f 381 445 465
f 381 465 417
f 417 465 1216
f 417 1216 404
f 383 264 448
f 448 264 1221
f 448 1221 467
f 467 1221 1219
f 467 1219 430
f 430 1219 1205
f 447 430 405
f 405 430 422
f 405 422 385
f 385 422 423
f 385 423 468
f 468 423 450
f 468 450 254
f 1226 1225 449
f 449 1225 1224
f 449 1224 405
f 1230 1231 386
f 386 1231 450
f 386 450 423
f 1231 387 266
f 1233 452 399
f 399 452 401
f 399 401 434
f 434 401 422
f 434 422 471
f 387 1234 452
f 1236 424 1188
f 1188 424 257
f 494 480 477
f 477 480 476
f 477 476 569
f 569 476 593
f 569 593 592
f 592 593 394
f 592 394 395
f 395 394 391
f 395 391 1239
f 428 457 392
f 428 392 429
f 429 392 455
f 429 455 456
f 455 392 457
f 455 457 470
f 470 457 393
f 470 393 458
f 458 393 1240
f 458 1240 1241
f 1243 402 403
f 403 402 442
f 403 442 460
f 460 442 1246
f 259 421 420
f 420 421 1209
f 420 1209 1247
f 493 1280 492
f 493 492 477
f 477 492 495
f 477 495 494
f 494 495 496
f 494 496 482
f 545 1270 653
f 653 1270 654
f 653 654 1273
f 1273 654 552
f 1273 552 560
f 560 552 561
f 560 561 496
f 496 561 499
f 496 499 1248
f 501 481 502
f 502 481 1249
f 1253 506 490
f 490 506 500
f 490 500 491
f 491 500 483
f 491 483 485
f 485 483 484
f 485 484 540
f 540 484 539
f 540 539 521
f 521 539 520
f 521 520 515
f 515 520 519
f 515 519 1330
f 512 513 515
f 515 513 514
f 515 514 564
f 511 512 510
f 510 512 518
f 510 518 517
f 517 518 530
f 517 530 529
f 529 530 534
f 529 534 533
f 534 530 535
f 512 519 518
f 518 519 531
f 518 531 530
f 530 531 1261
f 535 531 536
f 536 531 537
f 551 550 652
f 652 550 543
f 652 543 544
f 544 543 1264
f 544 1264 1266
f 544 1267 545
f 545 1267 1268
f 545 1268 546
f 1264 543 1265
f 1265 543 1271
f 495 492 558
f 558 492 557
f 558 557 550
f 550 557 549
f 550 549 543
f 543 549 1272
f 1277 562 547
f 547 562 553
f 547 553 1274
f 1274 553 1270
f 1275 549 557
f 496 495 560
f 560 495 559
f 560 559 1276
f 519 520 538
f 538 520 539
f 538 539 554
f 554 539 484
f 554 484 1278
f 1279 557 492
f 1283 575 580
f 580 575 585
f 580 585 586
f 586 585 583
f 586 583 584
f 584 583 581
f 584 581 587
f 587 581 577
f 587 577 579
f 579 577 578
f 579 578 640
f 640 578 626
f 640 626 625
f 625 626 614
f 625 614 613
f 613 614 607
f 613 607 606
f 606 607 603
f 606 603 602
f 395 594 592
f 592 594 1284
f 599 580 586
f 1312 630 655
f 655 630 636
f 655 636 637
f 637 636 642
f 637 642 643
f 643 642 568
f 643 568 644
f 644 568 648
f 644 648 645
f 645 648 595
f 645 595 646
f 646 595 600
f 646 600 647
f 647 600 598
f 647 598 579
f 579 598 1286
f 1287 586 587
f 587 586 584
f 579 1291 587
f 613 606 612
f 612 606 605
f 612 605 611
f 611 605 516
f 611 516 1293
f 612 611 618
f 618 611 529
f 618 529 621
f 621 529 620
f 618 621 622
f 613 612 619
f 619 612 618
f 619 618 1296
f 624 619 623
f 623 619 622
f 1302 1300 630
f 630 1300 1299
f 630 1299 1298
f 1315 655 656
f 656 655 637
f 656 637 657
f 657 637 638
f 657 638 639
f 639 638 645
f 639 645 646
f 1320 639 634
f 634 639 646
f 634 646 647
f 642 636 641
f 641 636 635
f 641 635 1324
f 1324 635 1323
f 568 642 589
f 589 642 641
f 589 641 1326
f 780 779 576
f 576 779 590
f 576 590 570
f 570 590 568
f 570 568 477
f 477 568 589
f 477 589 493
f 493 589 1327
f 561 552 553
f 553 552 654
f 553 654 1331
f 657 1332 656
f 639 1316 657
f 1345 1347 1346
f 1346 1347 1333
f 1346 1333 664
f 664 1333 665
f 1350 1337 666
f 666 1337 1336
f 694 1355 692
f 692 1355 690
f 692 690 668
f 668 690 666
f 668 666 667
f 667 666 1338
f 1341 1339 1340
f 1340 1339 1342
f 1340 1342 1363
f 676 675 672
f 672 675 1364
f 1401 717 718
f 718 717 1413
f 718 1413 704
f 704 1413 677
f 704 677 680
f 680 677 1343
f 1365 663 662
f 1365 662 684
f 684 662 683
f 684 683 675
f 675 683 681
f 675 681 682
f 669 671 668
f 668 671 670
f 668 670 1356
f 1358 1357 672
f 672 1357 1362
f 672 1361 1360
f 1360 1361 1342
f 1368 1345 685
f 685 1345 686
f 685 686 1349
f 1349 686 690
f 1349 690 1355
f 720 1405 1404
f 720 1404 696
f 696 1404 1374
f 696 1374 1358
f 693 679 678
f 678 679 677
f 678 677 1375
f 696 1359 674
f 696 674 697
f 697 674 673
f 697 673 1376
f 699 698 702
f 702 698 712
f 702 712 1388
f 1388 712 1392
f 1388 1392 1384
f 706 704 705
f 705 704 680
f 700 708 701
f 701 708 1383
f 1400 1416 716
f 1400 716 1382
f 1382 716 707
f 1382 707 1381
f 1384 1385 711
f 711 1385 703
f 711 703 701
f 701 703 1377
f 701 1377 707
f 1393 1394 713
f 1393 713 1387
f 1387 713 710
f 1387 710 1386
f 1378 717 1379
f 1378 1379 708
f 708 1379 702
f 708 702 711
f 1391 701 707
f 1395 712 1390
f 1390 712 698
f 1399 715 1398
f 1398 715 1409
f 700 707 717
f 717 707 716
f 717 716 1415
f 1380 710 709
f 709 710 1389
f 709 1389 719
f 1372 721 720
f 720 721 1403
f 720 1403 1402
f 1402 1403 1389
f 698 1379 1406
f 1406 1379 718
f 1406 718 704
f 1408 1407 715
f 715 1407 721
f 715 721 1410
f 709 1403 1380
f 1414 720 697
f 697 720 696
f 1421 693 1355
f 1355 693 678
f 1476 723 1425
f 1425 723 1424
f 1429 1428 724
f 724 1428 725
f 724 725 1493
f 1493 725 1494
f 1493 1494 1498
f 1431 727 728
f 728 727 738
f 741 1457 740
f 741 740 1452
f 1452 740 735
f 1452 735 1436
f 1436 735 726
f 1436 726 1435
f 1520 729 730
f 730 729 1437
f 1473 1472 750
f 750 1472 1467
f 750 1467 748
f 748 1467 1465
f 748 1465 731
f 731 1465 732
f 731 732 1441
f 1454 1451 736
f 736 1451 1442
f 736 1442 732
f 732 1442 733
f 1450 737 738
f 738 737 742
f 738 742 1453
f 1453 742 1458
f 1453 1458 1459
f 746 743 745
f 745 743 744
f 1463 1454 739
f 739 1454 736
f 752 751 1469
f 1469 751 1468
f 1464 1466 749
f 749 1466 1470
f 749 1470 1471
f 724 753 1474
f 1474 753 754
f 734 1475 755
f 755 1475 756
f 755 756 760
f 1480 753 758
f 758 753 757
f 1478 1482 1481
f 1481 1482 1490
f 761 762 757
f 757 762 1483
f 1492 1491 760
f 760 1491 759
f 760 759 755
f 1500 1495 1497
f 1497 1495 1496
f 1497 1496 734
f 1509 1504 1503
f 1503 1504 1502
f 1506 1505 1498
f 1498 1505 1499
f 1498 1499 1493
f 1508 1507 1501
f 1501 1507 1500
f 1501 1500 1497
f 1550 777 768
f 1550 768 769
f 769 768 1526
f 769 1526 1527
f 1541 1529 770
f 770 1529 1528
f 770 1528 766
f 1548 771 1530
f 1530 771 1531
f 1530 1531 1532
f 1535 1536 1537
f 1537 1536 772
f 1537 772 773
f 1538 774 775
f 775 774 776
f 1542 1541 770
f 1549 1547 1546
f 1546 1547 1548
f 1546 1548 1530
f 590 779 1554
f 841 781 782
f 782 781 1555
f 1559 782 1558
f 1558 782 571
f 600 595 1560
f 568 590 648
f 648 590 596
f 648 596 595
f 595 596 1561
f 1592 802 810
f 810 802 809
f 810 809 785
f 785 809 786
f 785 786 787
f 1563 789 785
f 785 789 790
f 785 790 1592
f 1575 1574 1576
f 1575 1576 1564
f 1564 1576 791
f 1564 791 792
f 1573 1570 1572
f 1572 1570 1591
f 1635 850 822
f 822 850 823
f 822 823 801
f 801 823 799
f 801 799 800
f 800 799 802
f 800 802 803
f 805 804 806
f 806 804 830
f 806 830 1628
f 794 1568 793
f 793 1568 1567
f 793 1567 1579
f 805 819 1581
f 1581 819 817
f 1581 817 1580
f 820 795 818
f 818 795 816
f 818 816 817
f 817 816 1583
f 817 1583 1582
f 1584 797 795
f 795 797 798
f 795 798 796
f 1590 1586 800
f 800 1586 1585
f 800 1589 1588
f 1588 1589 1572
f 796 794 795
f 795 794 793
f 795 793 816
f 816 793 812
f 816 812 1578
f 1578 812 811
f 1578 811 1577
f 1577 811 1574
f 1577 1574 1593
f 1634 822 1596
f 1596 822 1585
f 1601 1611 842
f 1601 842 824
f 824 842 825
f 824 825 826
f 1775 1602 784
f 784 1602 827
f 784 827 828
f 828 827 1601
f 828 1601 832
f 832 1601 824
f 832 824 1600
f 1604 598 783
f 783 598 600
f 825 842 1607
f 1607 842 1612
f 850 1623 849
f 849 1623 1606
f 849 1606 837
f 837 1606 834
f 837 834 836
f 836 834 835
f 836 835 838
f 838 835 1613
f 1616 835 1605
f 1605 835 834
f 1619 834 843
f 843 834 1606
f 847 1639 846
f 847 846 840
f 840 846 839
f 840 839 784
f 784 839 838
f 784 838 1620
f 1600 1627 848
f 848 1627 830
f 848 830 1632
f 828 832 833
f 833 832 1599
f 833 1599 1622
f 1622 1599 848
f 1622 848 1633
f 850 1636 823
f 1637 850 851
f 851 850 849
f 851 849 845
f 845 849 837
f 845 837 836
f 804 1638 830
f 846 1639 1642
f 819 1646 817
f 1650 853 1649
f 1649 853 1700
f 1723 1718 1717
f 1717 1718 855
f 1717 855 854
f 854 855 1653
f 854 1653 1654
f 867 857 858
f 858 857 1656
f 1681 871 870
f 870 871 1676
f 870 1676 865
f 865 1676 1660
f 865 1660 856
f 856 1660 1661
f 1662 859 860
f 860 859 1744
f 1666 862 861
f 861 862 1689
f 861 1689 877
f 877 1689 1691
f 877 1691 878
f 878 1691 1697
f 878 1697 1696
f 1675 1678 866
f 1675 866 1667
f 1667 866 862
f 1667 862 863
f 1719 864 861
f 861 864 1668
f 1682 1683 1677
f 1677 1683 872
f 1677 872 867
f 867 872 868
f 867 868 1674
f 873 874 875
f 875 874 955
f 1693 880 1692
f 1692 880 881
f 1694 1695 879
f 879 1695 1690
f 879 1690 1688
f 854 1698 882
f 882 1698 883
f 889 885 884
f 884 885 1699
f 884 1699 864
f 886 882 887
f 887 882 1704
f 1714 1706 1705
f 1705 1706 1702
f 1707 890 886
f 886 890 891
f 884 888 889
f 889 888 1715
f 889 1715 1716
f 1720 1721 1719
f 1719 1721 1724
f 1719 1724 1725
f 1725 1724 1731
f 1725 1731 1732
f 1728 1726 1727
f 1727 1726 1733
f 1717 1722 1723
f 1723 1722 1729
f 1723 1729 1730
f 906 1774 897
f 897 1774 898
f 897 898 1750
f 1750 898 1751
f 895 1752 899
f 899 1752 1753
f 899 1753 1766
f 1756 1754 1755
f 1755 1754 900
f 1755 900 1770
f 901 902 1759
f 1759 902 1760
f 1759 1760 1761
f 905 903 904
f 904 903 1762
f 1766 1765 899
f 1755 1770 1772
f 1772 1770 1771
f 1772 1771 1773
f 1776 1775 784
f 1789 917 916
f 1789 916 1788
f 1788 916 908
f 1788 908 1777
f 1777 908 907
f 1777 907 1778
f 1778 907 909
f 1778 909 1779
f 1779 909 910
f 1779 910 1780
f 1781 1783 911
f 1781 911 1782
f 1782 911 912
f 1782 912 1784
f 1784 912 913
f 1784 913 1785
f 1785 913 914
f 1785 914 1786
f 1786 914 915
f 1786 915 1787
f 1796 922 921
f 1796 921 1795
f 1795 921 920
f 1795 920 1794
f 1794 920 919
f 1794 919 1793
f 1793 919 918
f 1793 918 1790
f 1790 918 1791
f 1790 1791 1792
f 1808 1807 1804
f 1804 1807 1803
f 1804 1803 1800
f 1800 1803 1798
f 1800 1798 1797
f 1797 1798 1799
f 947 931 930
f 947 930 946
f 946 930 929
f 946 929 945
f 945 929 928
f 945 928 944
f 944 928 927
f 944 927 943
f 943 927 1801
f 943 1801 1805
f 942 926 925
f 942 925 941
f 941 925 923
f 941 923 939
f 939 923 924
f 939 924 940
f 940 924 932
f 940 932 948
f 948 932 933
f 948 933 949
f 1806 1802 934
f 1806 934 950
f 950 934 935
f 950 935 951
f 951 935 936
f 951 936 952
f 952 936 937
f 952 937 953
f 953 937 938
f 953 938 954
f 961 962 958
f 958 962 959
f 963 960 1811
f 1811 960 1810
f 964 965 961
f 961 965 1813
f 967 968 1816
f 1816 968 1817
f 1819 966 1818
f 1818 966 1820
f 1824 969 1823
f 1823 969 966
f 1826 1825 974
f 974 1825 973
f 974 973 1831
f 1832 975 1828
f 1828 975 972
f 1828 972 1827
f 1842 980 979
f 979 980 1833
f 1844 1845 1843
f 1843 1845 978
f 985 986 982
f 982 986 983
f 987 984 1847
f 1847 984 1846
f 988 989 985
f 985 989 1849
f 1860 992 991
f 991 992 1852
f 1857 990 1856
f 1856 990 1858
f 1865 1864 998
f 998 1864 997
f 998 997 1869
f 1870 999 1867
f 1867 999 996
f 1867 996 1866
f 1866 996 1868
f 1880 1004 1003
f 1003 1004 1871
f 1882 1883 1881
f 1881 1883 1002
f 1006 1005 1009
f 1009 1005 1008
f 1009 1008 1012
f 1010 1884 1007
f 1007 1884 1885
f 1017 1021 1018
f 1017 1018 1014
f 1014 1018 1015
f 1014 1015 1890
f 1019 1895 1016
f 1016 1895 1893
f 1016 1893 1013
f 1013 1893 1894
f 1023 1024 1900
f 1900 1024 1901
f 1025 1903 1902
f 1902 1903 1904
f 1032 1036 1033
f 1032 1033 1029
f 1029 1033 1030
f 1029 1030 1026
f 1026 1030 1027
f 1026 1027 1905
f 1908 1025 1907
f 1907 1025 1028
f 1907 1028 1909
f 1909 1028 1031
f 1909 1031 1911
f 1037 1913 1034
f 1034 1913 1910
f 1034 1910 1031
f 1046 1047 1926
f 1926 1047 1927
f 1048 1049 1928
f 1928 1049 1929
f 7 6 24
f 24 6 25
f 34 33 1054
f 1054 33 32
f 1054 32 1055
f 93 1116 94
f 93 94 31
f 31 94 34
f 31 34 1054
f 44 69 124
f 124 69 70
f 124 70 71
f 71 70 62
f 17 19 20
f 20 19 87
f 20 87 80
f 80 87 83
f 80 83 84
f 87 19 88
f 27 26 29
f 27 29 1069
f 1069 29 92
f 1069 92 1070
f 1070 92 95
f 1070 95 96
f 96 95 100
f 96 100 106
f 106 100 103
f 106 103 101
f 1067 90 30
f 30 90 18
f 30 18 16
f 102 1073 9
f 1074 55 66
f 66 55 65
f 66 65 64
f 64 65 114
f 64 114 123
f 66 64 67
f 67 64 78
f 67 78 59
f 59 78 1083
f 59 1083 1084
f 81 121 122
f 122 121 127
f 122 127 119
f 119 127 126
f 119 126 120
f 164 163 209
f 209 163 1122
f 209 1122 208
f 208 1122 1121
f 208 1121 142
f 142 1121 1072
f 142 1072 1101
f 138 139 152
f 1122 163 1116
f 1116 163 165
f 1116 165 94
f 224 223 233
f 224 233 232
f 232 233 1147
f 232 1147 199
f 64 123 78
f 78 123 1085
f 78 1085 1083
f 125 1086 73
f 304 306 305
f 305 306 268
f 305 268 357
f 357 268 273
f 357 273 332
f 332 273 246
f 332 246 260
f 260 246 436
f 260 436 247
f 247 436 415
f 247 415 261
f 341 361 277
f 277 361 1162
f 277 1162 313
f 325 351 350
f 350 351 367
f 350 367 290
f 290 367 329
f 290 329 371
f 371 329 292
f 244 376 246
f 244 246 272
f 272 246 273
f 272 273 268
f 317 361 251
f 251 361 263
f 251 263 466
f 343 279 362
f 362 279 1174
f 362 1174 326
f 1175 1177 264
f 264 1177 1221
f 280 300 344
f 280 344 363
f 363 344 1183
f 363 1183 265
f 346 296 281
f 281 296 318
f 281 318 319
f 319 345 281
f 281 345 346
f 1190 284 348
f 348 284 320
f 348 320 258
f 366 330 294
f 294 330 331
f 294 331 323
f 323 331 364
f 323 364 1167
f 1169 355 369
f 369 355 368
f 369 368 370
f 370 368 327
f 370 327 291
f 291 327 328
f 291 328 333
f 333 328 358
f 333 358 270
f 270 358 307
f 270 307 308
f 1169 369 302
f 1169 302 295
f 295 302 335
f 295 335 334
f 334 335 308
f 334 308 310
f 375 415 436
f 375 436 413
f 413 436 462
f 413 462 373
f 373 462 410
f 373 410 409
f 381 417 1203
f 401 386 422
f 422 386 423
f 480 478 479
f 480 479 476
f 476 479 498
f 476 498 593
f 593 498 454
f 593 454 394
f 394 454 390
f 394 390 391
f 425 428 429
f 398 433 475
f 475 433 396
f 475 396 459
f 459 396 455
f 459 455 470
f 246 376 377
f 377 376 372
f 377 372 462
f 462 372 410
f 430 1220 467
f 467 1220 383
f 467 383 448
f 1229 449 468
f 1229 468 265
f 265 468 254
f 265 254 363
f 256 267 1235
f 479 478 349
f 479 349 245
f 245 349 1193
f 245 1193 454
f 454 1193 1238
f 454 1238 390
f 412 411 374
f 374 411 463
f 374 463 437
f 437 463 432
f 437 432 397
f 397 432 431
f 397 431 474
f 474 431 472
f 474 472 473
f 473 472 460
f 473 460 1215
f 473 1215 407
f 407 1215 440
f 407 440 439
f 439 440 438
f 439 438 412
f 412 438 414
f 566 567 526
f 566 526 524
f 524 526 525
f 524 525 523
f 523 525 542
f 523 542 541
f 541 542 487
f 541 487 486
f 486 487 488
f 486 488 489
f 515 564 522
f 522 564 524
f 522 524 521
f 521 524 523
f 521 523 540
f 540 523 541
f 540 541 485
f 485 541 486
f 485 486 491
f 491 486 489
f 555 563 487
f 487 563 497
f 487 497 488
f 606 602 605
f 605 602 601
f 605 601 508
f 508 601 507
f 508 507 509
f 516 605 508
f 516 508 510
f 510 508 509
f 510 509 511
f 567 528 526
f 526 528 527
f 526 527 525
f 525 527 542
f 510 517 516
f 516 517 529
f 531 519 1262
f 1262 519 538
f 1262 538 547
f 547 538 554
f 547 554 1277
f 527 778 542
f 542 778 555
f 542 555 487
f 550 1273 558
f 558 1273 559
f 558 559 495
f 499 561 562
f 562 561 553
f 564 565 524
f 524 565 566
f 1282 1281 574
f 574 1281 576
f 574 576 569
f 569 576 570
f 569 570 477
f 1325 1321 582
f 1325 582 591
f 591 582 583
f 591 583 588
f 588 583 585
f 588 585 575
f 1282 574 592
f 592 574 569
f 577 581 628
f 577 628 627
f 627 628 616
f 627 616 615
f 615 616 609
f 615 609 608
f 608 609 649
f 608 649 607
f 607 649 604
f 607 604 603
f 647 579 640
f 647 640 634
f 634 640 625
f 634 625 1297
f 1297 625 613
f 1297 613 619
f 636 630 635
f 635 630 1298
f 1321 1322 629
f 629 1322 1292
f 629 1292 617
f 617 1292 610
f 617 610 609
f 609 610 651
f 609 651 650
f 588 1325 591
f 650 649 609
f 1292 1329 610
f 610 1329 1328
f 610 1328 651
f 1273 652 653
f 653 652 544
f 653 544 545
f 660 659 662
f 662 659 658
f 662 658 661
f 660 662 663
f 669 668 667
f 1359 672 674
f 674 672 673
f 661 683 662
f 666 690 686
f 692 668 694
f 1365 684 675
f 710 713 1389
f 749 747 1464
f 1464 747 725
f 1464 725 726
f 726 725 1430
f 1428 1430 725
f 576 1281 780
f 799 807 802
f 802 807 808
f 802 808 809
f 1574 811 812
f 818 817 820
f 822 801 1587
f 1587 801 800
f 1602 1603 827
f 827 1603 1601
f 846 844 839
f 839 844 836
f 839 836 838
f 836 1621 845
f 845 1621 1629
f 845 1629 851
f 784 828 840
f 840 828 833
f 840 833 847
f 876 879 1688
f 876 1688 855
f 855 1688 856
f 855 856 1655
f 1655 1653 855
f 289 349 478
f 917 933 932
f 917 932 916
f 916 932 924
f 916 924 908
f 908 924 923
f 908 923 907
f 907 923 925
f 907 925 909
f 909 925 926
f 909 926 910
f 931 915 914
f 931 914 930
f 930 914 913
f 930 913 929
f 929 913 912
f 929 912 928
f 928 912 911
f 928 911 927
f 927 911 1783
f 927 1783 1801
f 922 938 937
f 922 937 921
f 921 937 936
f 921 936 920
f 920 936 935
f 920 935 919
f 919 935 934
f 919 934 918
f 918 934 1802
f 918 1802 1791
f 40 39 37
f 37 39 36
f 37 36 38
f 17 20 80
f 30 16 91
f 91 16 36
f 91 36 39
f 44 58 57
f 57 58 54
f 111 112 118
f 118 112 113
f 120 41 119
f 119 41 42
f 119 42 122
f 122 42 86
f 122 86 81
f 222 235 221
f 221 235 170
f 221 170 171
f 171 170 168
f 171 168 231
f 231 168 220
f 231 220 219
f 219 220 214
f 206 160 159
f 206 159 207
f 207 159 158
f 207 158 166
f 166 158 215
f 166 215 174
f 174 215 173
f 174 173 172
f 172 173 175
f 172 175 169
f 207 166 167
f 167 166 174
f 142 209 208
f 230 218 229
f 229 218 211
f 229 211 177
f 177 211 217
f 177 217 216
f 216 217 210
f 217 211 210
f 218 212 211
f 221 171 222
f 177 176 229
f 229 176 228
f 229 228 230
f 224 232 225
f 236 226 186
f 186 226 227
f 186 227 185
f 185 227 53
f 185 53 77
f 238 240 235
f 235 240 234
f 235 234 170
f 236 186 239
f 311 271 332
f 332 271 309
f 332 309 357
f 357 309 269
f 357 269 305
f 305 269 304
f 261 311 247
f 247 311 332
f 247 332 260
f 364 331 293
f 293 331 330
f 295 334 359
f 359 334 310
f 359 310 274
f 370 291 356
f 356 291 333
f 356 333 302
f 302 333 270
f 302 270 335
f 335 270 308
f 336 275 276
f 276 275 249
f 276 249 262
f 262 249 380
f 262 380 445
f 445 380 443
f 445 443 465
f 275 248 249
f 249 248 379
f 249 379 380
f 380 379 441
f 380 441 443
f 360 338 340
f 255 267 282
f 350 290 365
f 365 290 354
f 365 354 353
f 287 352 324
f 355 298 368
f 370 356 369
f 369 356 302
f 290 371 354
f 469 399 435
f 435 399 434
f 435 434 400
f 400 434 471
f 400 427 435
f 435 427 469
f 462 436 377
f 377 436 246
f 378 414 464
f 464 414 438
f 464 438 440
f 474 473 461
f 461 473 407
f 461 407 374
f 374 407 439
f 374 439 412
f 468 449 385
f 385 449 405
f 470 458 459
f 460 472 403
f 374 437 461
f 461 437 397
f 461 397 474
f 617 609 616
f 617 616 629
f 629 616 628
f 629 628 582
f 582 628 581
f 582 581 583
f 607 614 615
f 615 614 626
f 615 626 627
f 627 626 578
f 627 578 577
f 582 1321 629
f 645 638 644
f 644 638 637
f 644 637 643
f 521 515 522
f 615 608 607
f 810 785 1592
f 454 498 245
f 245 498 479
